ID,Game Category
4,Slots
6,Slots
7,Slots
8,Slots
11,Slots
14,Slots
15,Slots
16,Slots
17,Slots
18,Slots
20,Slots
21,Slots
22,Slots
23,Slots
24,Slots
25,Slots
26,Slots
27,Slots
28,Slots
29,Slots
30,Slots
31,Slots
32,Slots
33,Slots
34,Slots
35,Slots
36,Slots
37,Slots
38,Slots
39,Slots
40,Slots
41,Slots
42,Slots
43,Slots
44,Slots
45,Slots
46,Slots
47,Slots
48,Slots
49,Slots
50,Slots
51,Slots
52,Slots
53,Slots
54,Slots
55,Slots
56,Slots
57,Slots
58,Slots
59,Slots
60,Slots
61,Slots
62,Slots
63,Slots
64,Slots
65,Slots
66,Slots
67,Slots
68,Slots
69,Slots
70,Slots
71,Slots
72,Slots
73,Slots
74,Slots
75,Slots
76,Slots
77,Slots
78,Slots
79,Slots
80,Slots
81,Slots
82,Slots
83,Slots
84,Slots
85,Slots
86,Slots
87,Slots
88,Slots
89,Slots
90,Slots
91,Slots
92,Slots
93,Slots
94,Slots
95,Slots
96,Slots
97,Slots
98,Slots
99,Slots
100,Slots
101,Slots
102,Slots
103,Slots
104,Slots
105,Slots
106,Slots
107,Slots
108,Slots
109,Slots
110,Slots
111,Slots
112,Slots
113,Slots
114,Slots
115,Slots
116,Slots
117,Slots
118,Slots
119,Slots
120,Slots
121,Slots
122,Slots
123,Slots
124,Slots
125,Slots
126,Slots
127,Slots
128,Slots
129,Slots
130,Slots
131,Slots
132,Slots
133,Slots
134,Slots
135,Slots
136,Slots
137,Slots
138,Slots
139,Slots
140,Slots
141,Slots
142,Slots
143,Slots
144,Slots
145,Slots
146,Slots
147,Slots
148,Slots
149,Slots
150,Slots
151,Slots
152,Slots
153,Slots
154,Slots
155,Slots
156,Slots
157,Slots
158,Slots
159,Slots
160,Slots
161,Slots
162,Slots
163,Slots
164,Slots
165,Slots
166,Slots
167,Slots
168,Slots
169,Slots
170,Slots
171,Slots
172,Slots
173,Slots
174,Slots
175,Slots
176,Slots
177,Slots
178,Slots
179,Slots
180,Slots
181,Slots
182,Slots
183,Slots
184,Slots
185,Slots
186,Slots
187,Slots
188,Slots
189,Slots
190,Slots
191,Slots
192,Slots
193,Slots
194,Slots
195,Slots
196,Slots
197,Slots
198,Slots
199,Slots
200,Slots
201,Slots
202,Slots
203,Slots
204,Slots
205,Slots
206,Slots
207,Slots
208,Slots
209,Slots
210,Slots
211,Slots
212,Slots
213,Slots
214,Slots
215,Slots
216,Slots
217,Slots
218,Slots
219,Slots
220,Slots
221,Slots
222,Slots
223,Slots
224,Slots
225,Slots
226,Slots
227,Slots
228,Slots
229,Slots
230,Slots
231,Slots
232,Slots
233,Slots
234,Slots
235,Slots
236,Slots
237,Slots
238,Slots
239,Slots
240,Slots
241,Slots
242,Slots
243,Slots
244,Slots
245,Slots
246,Slots
247,Slots
248,Slots
249,Slots
250,Slots
251,Slots
252,Slots
253,Slots
254,Slots
255,Slots
256,Slots
257,Slots
258,Slots
259,Slots
260,Slots
261,Slots
262,Slots
263,Slots
264,Slots
265,Slots
266,Slots
267,Slots
268,Slots
269,Slots
270,Slots
271,Slots
272,Slots
273,Slots
274,Slots
275,Slots
276,Slots
277,Slots
278,Slots
279,Slots
280,Slots
281,Slots
282,Slots
283,Slots
284,Slots
285,Slots
286,Slots
287,Slots
288,Slots
289,Slots
290,Slots
291,Slots
292,Slots
293,Slots
294,Slots
295,Slots
296,Slots
297,Slots
298,Slots
299,Slots
300,Slots
301,Slots
302,Slots
303,Slots
304,Slots
305,Slots
306,Slots
307,Slots
308,Slots
309,Slots
310,Slots
311,Slots
312,Slots
313,Slots
314,Slots
315,Slots
316,Slots
317,Slots
318,Slots
319,Slots
320,Slots
321,Slots
322,Slots
323,Slots
324,Slots
325,Slots
326,Slots
327,Slots
328,Slots
329,Slots
330,Slots
331,Slots
332,Slots
333,Slots
334,Slots
335,Slots
336,Slots
337,Slots
338,Slots
339,Slots
340,Slots
341,Slots
342,Slots
343,Slots
344,Slots
345,Slots
346,Slots
347,Slots
348,Slots
349,Slots
350,Slots
351,Slots
352,Slots
353,Slots
354,Slots
355,Slots
356,Slots
357,Slots
358,Slots
359,Slots
360,Slots
361,Slots
362,Slots
363,Slots
364,Slots
365,Slots
366,Slots
367,Slots
368,Slots
369,Slots
370,Slots
371,Slots
372,Slots
373,Slots
374,Slots
375,Slots
376,Slots
377,Slots
378,Slots
379,Slots
380,Slots
381,Slots
382,Slots
383,Slots
384,Slots
385,Slots
386,Slots
387,Slots
388,Slots
389,Slots
390,Slots
391,Slots
392,Slots
393,Slots
394,Slots
395,Slots
396,Slots
397,Slots
398,Slots
399,Slots
400,Slots
401,Slots
402,Slots
403,Slots
404,Slots
405,Slots
406,Slots
407,Slots
408,Slots
409,Slots
410,Slots
411,Slots
412,Slots
413,Slots
414,Slots
415,Slots
416,Slots
417,Slots
418,Slots
419,Slots
420,Slots
421,Slots
422,Slots
423,Slots
424,Slots
425,Slots
426,Slots
427,Slots
428,Slots
429,Slots
430,Slots
431,Slots
432,Slots
433,Slots
434,Slots
435,Slots
436,Slots
437,Slots
438,Slots
439,Slots
440,Slots
441,Slots
442,Slots
443,Slots
444,Slots
445,Slots
446,Slots
447,Slots
448,Slots
449,Slots
450,Slots
451,Slots
452,Slots
453,Slots
454,Slots
455,Slots
456,Slots
457,Slots
458,Slots
459,Slots
460,Slots
461,Slots
462,Slots
463,Slots
464,Slots
465,Slots
466,Slots
467,Slots
468,Slots
469,Slots
470,Slots
471,Slots
472,Slots
473,Slots
474,Slots
475,Slots
476,Slots
477,Slots
478,Slots
479,Slots
480,Slots
481,Slots
482,Slots
483,Slots
484,Slots
485,Slots
486,Slots
487,Slots
488,Slots
489,Slots
490,Slots
491,Slots
492,Slots
493,Slots
494,Slots
495,Slots
496,Slots
497,Slots
498,Slots
499,Slots
500,Slots
501,Slots
502,Slots
503,Slots
504,Slots
505,Slots
506,Slots
507,Slots
508,Slots
509,Slots
510,Slots
511,Slots
512,Slots
513,Slots
514,Slots
515,Slots
516,Slots
517,Slots
518,Slots
519,Slots
520,Slots
521,Slots
522,Slots
523,Slots
524,Slots
525,Slots
526,Slots
527,Slots
528,Slots
529,Slots
530,Slots
531,Slots
532,Slots
533,Slots
534,Slots
535,Slots
536,Slots
537,Slots
538,Slots
539,Slots
540,Slots
541,Slots
542,Slots
543,Slots
544,Slots
545,Slots
546,Slots
547,Slots
548,Slots
549,Slots
550,Slots
551,Slots
552,Slots
553,Slots
554,Slots
555,Slots
556,Slots
557,Slots
558,Slots
559,Slots
560,Slots
561,Slots
562,Slots
563,Slots
564,Slots
565,Slots
566,Slots
567,Slots
568,Slots
569,Slots
570,Slots
571,Slots
572,Slots
574,Slots
575,Slots
576,Slots
577,Slots
578,Slots
579,Slots
580,Slots
581,Slots
582,Slots
583,Slots
584,Slots
585,Slots
586,Slots
587,Slots
588,Slots
589,Slots
590,Slots
591,Slots
592,Slots
593,Slots
594,Slots
595,Slots
596,Slots
597,Slots
598,Slots
599,Slots
600,Slots
601,Slots
602,Slots
603,Slots
604,Slots
605,Slots
606,Slots
607,Slots
608,Slots
609,Slots
610,Slots
611,Slots
612,Slots
613,Slots
614,Slots
615,Slots
616,Slots
617,Slots
618,Slots
619,Slots
620,Slots
621,Slots
622,Slots
623,Slots
624,Slots
625,Slots
626,Slots
627,Slots
628,Slots
629,Slots
630,Slots
631,Slots
632,Slots
633,Slots
634,Slots
635,Slots
636,Slots
637,Slots
638,Slots
639,Slots
640,Slots
641,Slots
642,Slots
643,Slots
644,Slots
645,Slots
646,Slots
647,Slots
648,Slots
649,Slots
650,Slots
651,Slots
652,Slots
653,Slots
654,Slots
655,Slots
656,Slots
657,Slots
658,Slots
659,Slots
660,Slots
661,Slots
662,Slots
663,Slots
664,Slots
665,Slots
666,Slots
667,Slots
668,Slots
669,Slots
670,Slots
671,Slots
672,Slots
673,Slots
674,Slots
675,Slots
676,Slots
677,Slots
678,Slots
679,Slots
680,Slots
681,Slots
682,Slots
683,Slots
684,Slots
685,Slots
686,Slots
687,Slots
688,Slots
689,Slots
690,Slots
691,Slots
692,Slots
693,Slots
694,Slots
695,Slots
696,Slots
698,Slots
702,Slots
703,Slots
704,Slots
705,Slots
706,Slots
707,Slots
708,Slots
709,Slots
710,Slots
711,Slots
712,Slots
713,Slots
714,Slots
715,Slots
716,Slots
717,Slots
718,Slots
719,Slots
720,Slots
721,Slots
722,Slots
723,Slots
724,Slots
725,Slots
726,Slots
727,Slots
728,Slots
729,Slots
730,Slots
731,Slots
732,Slots
733,Slots
734,Slots
735,Slots
736,Slots
737,Slots
738,Slots
739,Slots
740,Slots
741,Slots
742,Slots
743,Slots
744,Slots
745,Slots
746,Slots
747,Slots
748,Slots
749,Slots
750,Slots
751,Slots
752,Slots
753,Slots
754,Slots
755,Slots
756,Slots
757,Slots
758,Slots
759,Slots
761,Slots
762,Slots
763,Slots
764,Slots
765,Slots
766,Slots
767,Slots
768,Slots
769,Slots
770,Slots
771,Slots
772,Slots
773,Slots
774,Slots
775,Slots
776,Slots
777,Slots
778,Slots
779,Slots
780,Slots
781,Slots
782,Slots
783,Slots
784,Slots
785,Slots
786,Slots
787,Slots
788,Slots
789,Slots
790,Slots
791,Slots
792,Slots
793,Slots
794,Slots
798,Table Games
799,Table Games
800,Table Games
801,Table Games
802,Table Games
803,Table Games
804,Table Games
805,Table Games
806,Table Games
807,Table Games
808,Table Games
809,Table Games
810,Table Games
811,Table Games
812,Table Games
813,Table Games
814,Table Games
815,Table Games
816,Table Games
817,Table Games
818,Table Games
819,Table Games
820,Table Games
821,Table Games
822,Table Games
823,Table Games
824,Table Games
825,Table Games
826,Table Games
827,Table Games
828,Table Games
829,Table Games
830,Table Games
831,Table Games
832,Table Games
833,Table Games
834,Table Games
835,Table Games
836,Table Games
837,Table Games
838,Table Games
839,Table Games
840,Table Games
841,Table Games
842,Table Games
843,Table Games
844,Table Games
845,Table Games
846,Table Games
847,Table Games
848,Table Games
849,Table Games
850,Table Games
851,Table Games
852,Table Games
853,Table Games
854,Table Games
855,Table Games
856,Table Games
857,Table Games
858,Table Games
859,Table Games
860,Slots
861,Table Games
862,Table Games
863,Table Games
864,Table Games
865,Table Games
866,Table Games
867,Table Games
868,Table Games
869,Live Games
870,Table Games
872,Table Games
873,Table Games
874,Table Games
875,Table Games
876,Table Games
877,Table Games
878,Table Games
879,Table Games
880,Table Games
881,Table Games
882,Table Games
883,Table Games
884,Table Games
885,Table Games
886,Table Games
887,Table Games
888,Table Games
889,Table Games
890,Table Games
891,Table Games
892,Table Games
893,Table Games
894,Table Games
895,Table Games
897,Live Games
898,Table Games
899,Table Games
900,Table Games
901,Table Games
902,Table Games
903,Table Games
904,Table Games
905,Table Games
906,Table Games
907,Table Games
908,Table Games
909,Table Games
910,Table Games
911,Table Games
912,Table Games
913,Table Games
914,Live Games
915,Table Games
916,Table Games
917,Table Games
918,Table Games
919,Table Games
934,Table Games
935,Table Games
936,Table Games
937,Table Games
938,Table Games
939,Table Games
940,Table Games
941,Table Games
942,Table Games
943,Table Games
944,Table Games
945,Table Games
946,Table Games
947,Table Games
948,Table Games
949,Table Games
950,Table Games
951,Table Games
952,Table Games
953,Table Games
954,Table Games
955,Table Games
956,Table Games
957,Table Games
958,Table Games
959,Table Games
960,Table Games
961,Table Games
962,Table Games
963,Table Games
964,Table Games
965,Table Games
966,Table Games
967,Table Games
968,Table Games
969,Table Games
970,Table Games
971,Table Games
972,Table Games
973,Table Games
974,Table Games
975,Table Games
976,Table Games
977,Table Games
978,Table Games
979,Table Games
980,Table Games
981,Table Games
983,Table Games
984,Table Games
985,Table Games
986,Table Games
987,Table Games
988,Table Games
989,Table Games
990,Table Games
991,Table Games
992,Slots
993,Table Games
994,Table Games
995,Table Games
996,Table Games
997,Table Games
998,Table Games
999,Table Games
1000,Table Games
1001,Table Games
1002,Table Games
1003,Live Games
1004,Live Games
1005,Live Games
1009,Table Games
1010,Table Games
1011,Table Games
1012,Table Games
1013,Table Games
1014,Table Games
1015,Table Games
1016,Table Games
1017,Table Games
1018,Table Games
1019,Table Games
1020,Table Games
1021,Table Games
1022,Table Games
1023,Table Games
1024,Table Games
1025,Table Games
1026,Table Games
1027,Table Games
1028,Table Games
1029,Table Games
1030,Table Games
1031,Table Games
1032,Table Games
1035,Table Games
1036,Table Games
1037,Table Games
1038,Table Games
1039,Table Games
1040,Table Games
1041,Table Games
1042,Table Games
1043,Table Games
1044,Table Games
1045,Table Games
1046,Table Games
1047,Table Games
1048,Table Games
1049,Table Games
1050,Table Games
1051,Table Games
1052,Table Games
1053,Table Games
1054,Table Games
1055,Table Games
1056,Table Games
1057,Table Games
1058,Table Games
1061,Table Games
1062,Table Games
1063,Table Games
1064,Table Games
1065,Table Games
1066,Table Games
1067,Table Games
1068,Table Games
1069,Table Games
1070,Table Games
1071,Table Games
1072,Table Games
1073,Table Games
1074,Table Games
1077,Table Games
1078,Table Games
1079,Table Games
1080,Table Games
1081,Table Games
1082,Table Games
1083,Table Games
1084,Table Games
1085,Table Games
1086,Table Games
1087,Table Games
1088,Table Games
1089,Table Games
1090,Table Games
1091,Table Games
1092,Table Games
1093,Table Games
1094,Table Games
1095,Table Games
1102,Table Games
1103,Table Games
1104,Table Games
1105,Table Games
1106,Table Games
1107,Table Games
1108,Table Games
1109,Table Games
1112,Table Games
1113,Table Games
1114,Table Games
1115,Table Games
1116,Table Games
1117,Table Games
1118,Table Games
1120,Table Games
1121,Table Games
1122,Table Games
1123,Table Games
1124,Table Games
1125,Table Games
1126,Table Games
1127,Table Games
1128,Table Games
1130,Table Games
1131,Table Games
1132,Table Games
1133,Table Games
1134,Table Games
1135,Table Games
1136,Table Games
1138,Table Games
1139,Table Games
1140,Table Games
1141,Table Games
1142,Table Games
1143,Table Games
1144,Table Games
1145,Table Games
1146,Table Games
1147,Table Games
1148,Table Games
1149,Table Games
1150,Table Games
1151,Table Games
1152,Table Games
1153,Table Games
1154,Table Games
1155,Table Games
1156,Table Games
1157,Table Games
1158,Table Games
1159,Table Games
1160,Table Games
1164,Table Games
1165,Table Games
1166,Table Games
1167,Table Games
1168,Table Games
1169,Table Games
1170,Instant Win
1171,Instant Win
1172,Instant Win
1173,Instant Win
1175,Table Games
1176,Table Games
1177,Table Games
1178,Table Games
1179,Table Games
1180,Table Games
1182,Table Games
1183,Table Games
1184,Table Games
1185,Virtual Sports
1186,Slots
1187,Slots
1188,Slots
1189,Slots
1190,Slots
1191,Slots
1192,Slots
1193,Slots
1194,Slots
1195,Slots
1196,Slots
1197,Slots
1198,Slots
1199,Instant Win
1200,Instant Win
1201,Instant Win
1202,Instant Win
1203,Instant Win
1204,Instant Win
1205,Virtual Sports
1206,Instant Win
1207,Instant Win
1208,Instant Win
1209,Slots
1210,Instant Win
1211,Instant Win
1212,Virtual Sports
1213,Virtual Sports
1214,Slots
1215,Instant Win
1216,Instant Win
1217,Instant Win
1220,Instant Win
1221,Instant Win
1222,Instant Win
1223,Instant Win
1224,Instant Win
1225,Instant Win
1226,Instant Win
1227,Instant Win
1228,Instant Win
1229,Instant Win
1230,Instant Win
1231,Instant Win
1232,Slots
1233,Slots
1234,Slots
1235,Slots
1236,Slots
1237,Slots
1238,Slots
1239,Instant Win
1240,Slots
1241,Slots
1242,Instant Win
1243,Instant Win
1244,Instant Win
1245,Instant Win
1246,Instant Win
1247,Instant Win
1248,Instant Win
1249,Instant Win
1250,Instant Win
1251,Instant Win
1252,Instant Win
1253,Instant Win
1254,Instant Win
1255,Instant Win
1256,Instant Win
1257,Instant Win
1258,Slots
1259,Slots
1260,Instant Win
1261,Instant Win
1262,Instant Win
1263,Instant Win
1264,Instant Win
1265,Instant Win
1266,Instant Win
1267,Instant Win
1268,Instant Win
1269,Instant Win
1270,Instant Win
1271,Instant Win
1272,Instant Win
1273,Instant Win
1274,Slots
1275,Slots
1276,Slots
1277,Slots
1278,Slots
1279,Slots
1280,Slots
1281,Slots
1282,Slots
1283,Slots
1284,Slots
1285,Slots
1286,Slots
1287,Slots
1288,Slots
1289,Slots
1290,Slots
1291,Slots
1292,Slots
1293,Slots
1294,Slots
1295,Slots
1296,Slots
1297,Slots
1298,Slots
1299,Slots
1300,Slots
1301,Slots
1302,Slots
1303,Slots
1304,Slots
1305,Slots
1306,Slots
1307,Slots
1308,Slots
1309,Slots
1310,Slots
1311,Slots
1312,Slots
1313,Slots
1314,Slots
1315,Slots
1316,Slots
1317,Slots
1318,Slots
1319,Slots
1320,Slots
1321,Slots
1322,Slots
1323,Slots
1324,Table Games
1325,Table Games
1326,Table Games
1327,Table Games
1328,Table Games
1329,Table Games
1330,Table Games
1331,Table Games
1332,Table Games
1333,Table Games
1334,Table Games
1335,Table Games
1336,Table Games
1337,Table Games
1338,Slots
1339,Slots
1340,Slots
1341,Slots
1342,Slots
1343,Slots
1344,Slots
1345,Slots
1346,Slots
1347,Slots
1348,Slots
1349,Slots
1350,Slots
1351,Slots
1352,Slots
1353,Slots
1354,Slots
1355,Slots
1356,Slots
1357,Slots
1358,Slots
1359,Slots
1360,Slots
1361,Slots
1362,Slots
1363,Slots
1364,Slots
1365,Slots
1366,Slots
1367,Slots
1368,Slots
1369,Slots
1370,Slots
1371,Slots
1372,Slots
1373,Slots
1374,Slots
1375,Slots
1376,Slots
1377,Slots
1378,Slots
1379,Slots
1380,Slots
1381,Slots
1382,Slots
1383,Slots
1384,Slots
1385,Slots
1386,Slots
1387,Slots
1388,Slots
1389,Slots
1390,Slots
1391,Slots
1392,Slots
1393,Slots
1394,Slots
1395,Slots
1396,Slots
1397,Slots
1398,Slots
1399,Slots
1400,Slots
1401,Slots
1402,Slots
1403,Slots
1404,Slots
1405,Slots
1406,Slots
1407,Slots
1408,Slots
1409,Slots
1410,Slots
1411,Slots
1412,Slots
1413,Slots
1414,Slots
1415,Slots
1416,Slots
1417,Slots
1418,Slots
1419,Slots
1420,Slots
1421,Slots
1422,Slots
1423,Slots
1424,Slots
1425,Slots
1426,Slots
1427,Slots
1428,Slots
1429,Slots
1430,Slots
1431,Slots
1432,Slots
1433,Slots
1434,Slots
1435,Slots
1436,Slots
1437,Slots
1438,Slots
1439,Slots
1440,Table Games
1441,Table Games
1442,Table Games
1443,Table Games
1444,Slots
1445,Slots
1446,Slots
1447,Slots
1448,Slots
1449,Slots
1450,Slots
1451,Slots
1452,Slots
1453,Slots
1454,Slots
1455,Slots
1456,Slots
1457,Slots
1458,Slots
1459,Slots
1460,Slots
1461,Slots
1462,Slots
1463,Slots
1464,Slots
1465,Slots
1466,Table Games
1467,Slots
1468,Slots
1469,Slots
1470,Slots
1471,Slots
1472,Slots
1473,Table Games
1474,Table Games
1475,Slots
1476,Slots
1477,Slots
1478,Slots
1479,Slots
1480,Slots
1481,Slots
1482,Slots
1483,Slots
1484,Slots
1485,Slots
1486,Slots
1487,Slots
1488,Slots
1489,Slots
1490,Slots
1491,Slots
1492,Slots
1493,Slots
1494,Slots
1495,Slots
1496,Slots
1497,Slots
1498,Slots
1499,Slots
1500,Slots
1501,Slots
1502,Slots
1503,Slots
1504,Slots
1505,Slots
1506,Slots
1507,Slots
1508,Slots
1509,Slots
1510,Slots
1511,Slots
1512,Slots
1513,Slots
1514,Slots
1515,Slots
1516,Slots
1517,Slots
1518,Slots
1519,Slots
1520,Slots
1521,Slots
1522,Slots
1523,Slots
1524,Slots
1525,Slots
1526,Slots
1527,Slots
1528,Table Games
1529,Slots
1530,Slots
1531,Slots
1532,Slots
1533,Slots
1534,Slots
1535,Slots
1536,Slots
1537,Slots
1538,Slots
1539,Slots
1540,Slots
1541,Slots
1542,Live Games
1543,Live Games
1544,Live Games
1545,Live Games
1546,Live Games
1547,Live Games
1548,Live Games
1549,Live Games
1550,Live Games
1551,Slots
1552,Slots
1553,Slots
1554,Slots
1555,Slots
1556,Table Games
1557,Slots
1558,Slots
1559,Slots
1560,Slots
1561,Slots
1562,Slots
1563,Slots
1564,Slots
1565,Slots
1566,Slots
1567,Slots
1568,Slots
1569,Slots
1570,Slots
1571,Slots
1572,Slots
1573,Slots
1574,Slots
1575,Slots
1576,Slots
1577,Table Games
1578,Slots
1579,Slots
1580,Slots
1581,Table Games
1582,Table Games
1583,Table Games
1584,Table Games
1585,Slots
1586,Slots
1587,Slots
1588,Slots
1589,Slots
1590,Slots
1592,Slots
1593,Slots
1594,Slots
1595,Slots
1596,Slots
1597,Slots
1598,Slots
1599,Slots
1600,Slots
1601,Slots
1603,Slots
1604,Slots
1605,Slots
1606,Slots
1607,Slots
1608,Slots
1609,Slots
1610,Slots
1611,Slots
1612,Slots
1613,Slots
1614,Slots
1615,Slots
1616,Slots
1617,Slots
1618,Slots
1619,Slots
1620,Slots
1621,Table Games
1622,Table Games
1623,Table Games
1624,Table Games
1625,Table Games
1626,Slots
1627,Slots
1628,Instant Win
1629,Slots
1630,Slots
1631,Slots
1632,Slots
1633,Slots
1634,Instant Win
1635,Instant Win
1636,Instant Win
1637,Slots
1638,Slots
1639,Slots
1640,Slots
1641,Slots
1642,Slots
1643,Slots
1645,Slots
1646,Slots
1647,Slots
1648,Slots
1649,Slots
1650,Slots
1651,Slots
1652,Slots
1653,Slots
1654,Slots
1655,Slots
1656,Slots
1657,Slots
1658,Slots
1659,Slots
1660,Slots
1661,Slots
1662,Slots
1663,Table Games
1664,Table Games
1665,Instant Win
1666,Instant Win
1667,Instant Win
1668,Instant Win
1669,Instant Win
1670,Instant Win
1671,Instant Win
1672,Instant Win
1673,Instant Win
1674,Instant Win
1675,Slots
1676,Slots
1677,Slots
1678,Slots
1679,Slots
1680,Slots
1681,Slots
1682,Slots
1683,Table Games
1684,Slots
1685,Slots
1686,Slots
1687,Table Games
1688,Table Games
1689,Slots
1690,Slots
1691,Slots
1692,Slots
1693,Slots
1694,Slots
1695,Slots
1696,Slots
1697,Slots
1698,Slots
1699,Slots
1700,Table Games
1701,Table Games
1702,Slots
1703,Slots
1704,Slots
1705,Slots
1706,Slots
1707,Slots
1708,Slots
1709,Slots
1710,Slots
1711,Slots
1712,Slots
1713,Slots
1714,Slots
1715,Slots
1716,Slots
1717,Slots
1718,Slots
1719,Slots
1720,Slots
1721,Slots
1722,Slots
1723,Slots
1724,Slots
1725,Slots
1726,Slots
1727,Slots
1728,Slots
1729,Slots
1730,Instant Win
1731,Instant Win
1732,Slots
1733,Slots
1734,Slots
1735,Slots
1736,Slots
1737,Slots
1738,Slots
1739,Slots
1740,Slots
1741,Slots
1742,Slots
1743,Slots
1744,Slots
1745,Slots
1746,Table Games
1747,Table Games
1748,Table Games
1749,Slots
1750,Slots
1751,Slots
1752,Slots
1753,Slots
1754,Slots
1755,Slots
1756,Slots
1757,Slots
1758,Slots
1759,Slots
1760,Slots
1761,Slots
1762,Slots
1763,Slots
1764,Slots
1765,Slots
1766,Slots
1767,Slots
1768,Slots
1769,Slots
1770,Slots
1771,Slots
1772,Slots
1773,Slots
1774,Slots
1775,Slots
1776,Slots
1777,Slots
1778,Slots
1779,Slots
1780,Slots
1781,Slots
1782,Slots
1783,Slots
1784,Slots
1785,Slots
1786,Slots
1787,Slots
1788,Slots
1789,Slots
1790,Slots
1791,Slots
1792,Slots
1793,Slots
1794,Slots
1795,Slots
1796,Slots
1797,Slots
1798,Slots
1799,Slots
1800,Slots
1801,Slots
1802,Slots
1803,Slots
1804,Slots
1805,Slots
1806,Slots
1807,Slots
1808,Slots
1809,Slots
1810,Slots
1811,Slots
1812,Slots
1813,Slots
1814,Slots
1815,Slots
1816,Slots
1817,Slots
1818,Slots
1819,Slots
1820,Slots
1821,Slots
1822,Slots
1823,Slots
1824,Slots
1825,Slots
1826,Slots
1827,Slots
1828,Slots
1829,Slots
1830,Slots
1831,Slots
1832,Slots
1833,Slots
1834,Slots
1835,Slots
1836,Slots
1837,Slots
1838,Live Games
1839,Slots
1840,Slots
1841,Slots
1842,Slots
1843,Slots
1844,Slots
1845,Slots
1846,Slots
1847,Slots
1848,Slots
1849,Slots
1850,Slots
1851,Slots
1852,Slots
1853,Slots
1855,Slots
1856,Slots
1857,Slots
1858,Slots
1859,Slots
1860,Slots
1861,Slots
1862,Slots
1863,Slots
1865,Slots
1866,Slots
1867,Slots
1868,Slots
1869,Slots
1870,Slots
1871,Slots
1872,Slots
1873,Slots
1874,Table Games
1875,Slots
1876,Slots
1877,Table Games
1878,Slots
1879,Slots
1880,Slots
1881,Slots
1882,Table Games
1883,Slots
1884,Slots
1885,Slots
1886,Slots
1887,Slots
1888,Slots
1889,Table Games
1890,Table Games
1891,Slots
1892,Slots
1893,Slots
1894,Table Games
1895,Slots
1896,Slots
1897,Slots
1898,Slots
1899,Slots
1900,Slots
1903,Slots
1904,Slots
1905,Slots
1906,Slots
1908,Slots
1910,Slots
1911,Slots
1912,Slots
1913,Slots
1914,Slots
1915,Slots
1916,Slots
1917,Slots
1918,Table Games
1919,Table Games
1920,Table Games
1921,Slots
1922,Slots
1923,Slots
1924,Slots
1925,Table Games
1926,Slots
1927,Slots
1928,Slots
1929,Slots
1930,Slots
1931,Slots
1932,Slots
1933,Slots
1934,Slots
1935,Slots
1936,Table Games
1937,Slots
1938,Slots
1939,Slots
1940,Slots
1941,Slots
1942,Slots
1943,Slots
1944,Slots
1945,Slots
1946,Slots
1947,Slots
1948,Slots
1949,Slots
1950,Slots
1951,Slots
1952,Slots
1953,Slots
1954,Slots
1955,Slots
1956,Slots
1957,Slots
1958,Slots
1959,Slots
1960,Slots
1961,Instant Win
1962,Slots
1963,Slots
1964,Slots
1965,Slots
1966,Slots
1967,Slots
1968,Slots
1969,Slots
1970,Slots
1971,Slots
1972,Slots
1973,Slots
1974,Slots
1975,Slots
1976,Slots
1977,Slots
1978,Slots
1979,Slots
1980,Slots
1981,Live Games
1982,Table Games
1983,Slots
1984,Slots
1985,Slots
1986,Slots
1987,Slots
1988,Slots
1989,Slots
1990,Slots
1991,Slots
1992,Slots
1993,Slots
1994,Slots
1995,Slots
1996,Slots
1997,Slots
1998,Slots
1999,Slots
2000,Slots
2001,Slots
2002,Slots
2003,Slots
2004,Slots
2005,Slots
2006,Slots
2007,Slots
2008,Slots
2009,Slots
2010,Slots
2011,Slots
2012,Slots
2013,Slots
2014,Slots
2015,Live Games
2016,Live Games
2017,Live Games
2018,Slots
2019,Slots
2020,Slots
2021,Slots
2022,Slots
2023,Slots
2024,Slots
2025,Slots
2026,Slots
2027,Slots
2028,Slots
2029,Slots
2030,Slots
2031,Table Games
2032,Slots
2033,Slots
2034,Slots
2035,Slots
2036,Slots
2037,Slots
2038,Slots
2039,Slots
2040,Slots
2041,Slots
2042,Slots
2043,Slots
2044,Slots
2045,Slots
2046,Slots
2047,Slots
2048,Slots
2049,Slots
2050,Slots
2051,Slots
2052,Slots
2053,Slots
2054,Slots
2055,Slots
2056,Slots
2057,Sportsbook
2058,Live Games
2059,Live Games
2060,Live Games
2061,Slots
2062,Slots
2063,Slots
2064,Slots
2065,Slots
2066,Slots
2067,Slots
2068,Slots
2069,Slots
2070,Slots
2071,Slots
2072,Slots
2073,Slots
2074,Slots
2075,Slots
2076,Slots
2077,Slots
2078,Slots
2079,Slots
2080,Slots
2081,Slots
2082,Slots
2083,Slots
2084,Slots
2085,Table Games
2086,Slots
2087,Slots
2088,Slots
2089,Slots
2090,Slots
2091,Slots
2092,Slots
2093,Slots
2094,Slots
2095,Slots
2096,Instant Win
2097,Slots
2098,Slots
2099,Slots
2100,Slots
2101,Slots
2102,Slots
2103,Slots
2104,Slots
2105,Slots
2106,Slots
2107,Slots
2108,Slots
2109,Slots
2110,Slots
2111,Slots
2112,Slots
2113,Slots
2114,Slots
2115,Slots
2116,Slots
2117,Slots
2118,Slots
2119,Slots
2120,Slots
2121,Slots
2122,Slots
2123,Slots
2124,Live Games
2125,Live Games
2126,Live Games
2127,Live Games
2128,Live Games
2129,Live Games
2130,Live Games
2131,Live Games
2132,Slots
2133,Slots
2134,Slots
2135,Slots
2136,Slots
2137,Slots
2138,Slots
2139,Slots
2140,Slots
2141,Slots
2142,Slots
2143,Slots
2144,Slots
2145,Slots
2146,Slots
2147,Slots
2148,Slots
2149,Slots
2150,Slots
2151,Slots
2152,Slots
2153,Slots
2154,Slots
2155,Slots
2156,Slots
2157,Slots
2158,Slots
2159,Table Games
2160,Table Games
2161,Table Games
2162,Table Games
2163,Table Games
2164,Table Games
2165,Table Games
2166,Table Games
2167,Table Games
2168,Table Games
2169,Table Games
2170,Live Games
2171,Slots
2172,Slots
2173,Slots
2174,Slots
2175,Slots
2176,Slots
2177,Slots
2178,Slots
2179,Slots
2180,Slots
2181,Slots
2182,Slots
2183,Slots
2184,Slots
2185,Slots
2186,Slots
2187,Slots
2188,Slots
2189,Slots
2190,Slots
2191,Live Games
2192,Slots
2193,Slots
2194,Slots
2195,Slots
2196,Slots
2197,Slots
2198,Slots
2199,Slots
2200,Slots
2201,Slots
2202,Slots
2203,Slots
2204,Slots
2205,Slots
2206,Slots
2207,Slots
2208,Slots
2209,Slots
2210,Slots
2211,Slots
2212,Slots
2213,Slots
2214,Slots
2215,Slots
2216,Slots
2217,Slots
2218,Slots
2219,Slots
2220,Slots
2221,Slots
2222,Slots
2223,Slots
2224,Slots
2225,Slots
2226,Slots
2227,Slots
2228,Slots
2229,Slots
2230,Slots
2231,Slots
2232,Slots
2233,Live Games
2234,Live Games
2235,Live Games
2236,Live Games
2237,Slots
2238,Slots
2239,Slots
2240,Slots
2241,Slots
2242,Slots
2243,Live Games
2244,Live Games
2245,Live Games
2246,Live Games
2247,Live Games
2248,Live Games
2249,Slots
2250,Live Games
2251,Live Games
2252,Live Games
2253,Live Games
2254,Slots
2255,Slots
2256,Slots
2257,Slots
2258,Slots
2259,Slots
2260,Slots
2261,Slots
2262,Slots
2263,Slots
2264,Slots
2265,Slots
2266,Slots
2267,Slots
2268,Slots
2269,Slots
2270,Slots
2271,Slots
2272,Slots
2273,Slots
2274,Slots
2275,Slots
2276,Slots
2277,Slots
2278,Slots
2279,Slots
2280,Slots
2281,Slots
2282,Slots
2283,Slots
2284,Slots
2285,Slots
2286,Slots
2287,Slots
2288,Slots
2289,Slots
2290,Slots
2291,Slots
2292,Slots
2293,Slots
2294,Slots
2295,Slots
2296,Slots
2297,Slots
2298,Slots
2299,Slots
2300,Slots
2301,Slots
2302,Slots
2303,Slots
2304,Slots
2305,Slots
2306,Slots
2307,Slots
2308,Live Games
2309,Slots
2310,Slots
2311,Slots
2312,Slots
2313,Slots
2314,Slots
2315,Slots
2316,Slots
2317,Slots
2318,Slots
2319,Slots
2320,Slots
2321,Slots
2322,Slots
2323,Live Games
2324,Slots
2325,Slots
2326,Slots
2327,Slots
2328,Slots
2329,Slots
2330,Slots
2331,Slots
2332,Slots
2333,Slots
2334,Slots
2335,Slots
2336,Slots
2337,Slots
2338,Slots
2339,Slots
2340,Slots
2341,Slots
2342,Slots
2343,Slots
2344,Slots
2345,Slots
2346,Slots
2347,Slots
2348,Slots
2349,Slots
2350,Slots
2351,Slots
2352,Slots
2353,Slots
2354,Slots
2355,Live Games
2356,Live Games
2357,Slots
2358,Slots
2359,Slots
2360,Slots
2361,Slots
2362,Slots
2363,Slots
2364,Slots
2365,Slots
2366,Slots
2367,Slots
2368,Slots
2369,Slots
2370,Slots
2371,Slots
2372,Slots
2373,Slots
2374,Slots
2375,Slots
2376,Slots
2377,Slots
2378,Slots
2379,Slots
2380,Slots
2381,Slots
2382,Live Games
2383,Slots
2384,Slots
2385,Slots
2386,Slots
2387,Slots
2388,Slots
2389,Slots
2390,Slots
2391,Live Games
2392,Slots
2393,Slots
2394,Slots
2395,Slots
2396,Slots
2397,Slots
2398,Roulette
2399,Slots
2400,Slots
2401,Slots
2402,Roulette
2403,Slots
2404,Slots
2405,Slots
2406,Slots
2407,Slots
2408,Slots
2409,Slots
2410,Slots
2411,Slots
2412,Slots
2413,Slots
2414,Slots
2415,Slots
2416,Slots
2417,Slots
2418,Slots
2419,Slots
2420,Slots
2421,Slots
2422,Slots
2423,Slots
2424,Slots
2425,Slots
2426,Slots
2427,Slots
2428,Slots
2429,Slots
2430,Slots
2431,Slots
2432,Slots
2433,Slots
2434,Slots
2435,Slots
2436,Slots
2437,Slots
2438,Slots
2439,Slots
2440,Slots
2441,Slots
2442,Slots
2443,Slots
2444,Slots
2445,Slots
2446,Slots
2447,Slots
2448,Slots
2449,Slots
2450,Slots
2451,Slots
2452,Slots
2453,Slots
2454,Slots
2455,Slots
2456,Slots
2457,Slots
2458,Slots
2459,Slots
2460,Slots
2461,Slots
2462,Slots
2463,Slots
2464,Live Games
2465,Live Games
2466,Slots
2467,Slots
2468,Slots
2469,Slots
2470,Roulette
2471,Slots
2472,Slots
2473,Slots
2474,Slots
2475,Slots
2476,Slots
2477,Slots
2478,Slots
2479,Slots
2480,Slots
2481,Slots
2482,Slots
2483,Slots
2484,Slots
2485,Slots
2486,Slots
2487,Slots
2488,Slots
2489,Slots
2490,Slots
2491,Slots
2492,Slots
2493,Slots
2494,Slots
2495,Slots
2496,Slots
2497,Slots
2498,Slots
2499,Slots
2500,Slots
2501,Slots
2502,Slots
2503,Slots
2504,Slots
2505,Slots
2506,Slots
2507,Slots
2508,Slots
2509,Slots
2510,Slots
2511,Slots
2512,Slots
2513,Slots
2514,Slots
2515,Slots
2516,Slots
2517,Slots
2518,Slots
2519,Slots
2520,Slots
2521,Slots
2522,Slots
2523,Slots
2524,Slots
2525,Slots
2526,Slots
2527,Slots
2528,Slots
2529,Slots
2530,Live Games
2531,Live Games
2532,Live Games
2533,Slots
2534,Slots
2565,Slots
2566,Slots
2556,Slots
2557,Slots
2574,Slots
2569,Slots
2561,Slots
2562,Slots
2558,Slots
2559,Slots
2560,Slots
2572,Slots
2573,Slots
2581,Slots
2582,Slots
2575,Slots
2576,Slots
2577,Slots
2578,Slots
2598,Slots
2579,Slots
2580,Slots
2583,Slots
2584,Slots
2585,Slots
2586,Slots
2601,Slots
2563,Slots
2564,Slots
2569,Slots
2549,Live Games
2610,Slots
2611,Slots
2612,Slots
2658,Slots
2659,Slots
2660,Slots
2661,Slots
