Game Name,ID,GameProviderId
MARY,1,1
PATRICIA,2,2
LINDA,3,3
BARBARA,4,4
ELIZABETH,5,5
JENNIFER,6,6
MARIA,7,7
SUSAN,8,8
MARGARET,9,9
DOROTHY,10,10
LISA,11,11
NANCY,12,12
KAREN,13,13
BETTY,14,14
HELEN,15,15
SANDRA,16,16
DONNA,17,17
CAROL,18,18
RUTH,19,19
SHARON,20,20
MICHELLE,21,21
LAURA,22,22
SARAH,23,23
KIMBERLY,24,24
DEBORAH,25,25
JESSICA,26,26
SHIRLEY,27,27
CYNTHIA,28,28
ANGELA,29,29
MELISSA,30,30
BRENDA,31,31
AMY,32,32
ANNA,33,33
REBECCA,34,34
VIRGINIA,35,35
KATHLEEN,36,36
PAMELA,37,37
MARTHA,38,38
DEBRA,39,39
AMANDA,40,0
STEPHANIE,41,1
CAROLYN,42,2
CHRISTINE,43,3
MARIE,44,4
JANET,45,5
CATHERINE,46,6
FRANCES,47,7
ANN,48,8
JOYCE,49,9
DIANE,50,10
ALICE,51,11
JULIE,52,12
HEATHER,53,13
TERESA,54,14
DORIS,55,15
GLORIA,56,16
EVELYN,57,17
JEAN,58,18
CHERYL,59,19
MILDRED,60,20
KATHERINE,61,21
JOAN,62,22
ASHLEY,63,23
JUDITH,64,24
ROSE,65,25
JANICE,66,26
KELLY,67,27
NICOLE,68,28
JUDY,69,29
CHRISTINA,70,30
KATHY,71,31
THERESA,72,32
BEVERLY,73,33
DENISE,74,34
TAMMY,75,35
IRENE,76,36
JANE,77,37
LORI,78,38
RACHEL,79,39
MARILYN,80,0
ANDREA,81,1
KATHRYN,82,2
LOUISE,83,3
SARA,84,4
ANNE,85,5
JACQUELINE,86,6
WANDA,87,7
BONNIE,88,8
JULIA,89,9
RUBY,90,10
LOIS,91,11
TINA,92,12
PHYLLIS,93,13
NORMA,94,14
PAULA,95,15
DIANA,96,16
ANNIE,97,17
LILLIAN,98,18
EMILY,99,19
ROBIN,100,20
PEGGY,101,21
CRYSTAL,102,22
GLADYS,103,23
RITA,104,24
DAWN,105,25
CONNIE,106,26
FLORENCE,107,27
TRACY,108,28
EDNA,109,29
TIFFANY,110,30
CARMEN,111,31
ROSA,112,32
CINDY,113,33
GRACE,114,34
WENDY,115,35
VICTORIA,116,36
EDITH,117,37
KIM,118,38
SHERRY,119,39
SYLVIA,120,0
JOSEPHINE,121,1
THELMA,122,2
SHANNON,123,3
SHEILA,124,4
ETHEL,125,5
ELLEN,126,6
ELAINE,127,7
MARJORIE,128,8
CARRIE,129,9
CHARLOTTE,130,10
MONICA,131,11
ESTHER,132,12
PAULINE,133,13
EMMA,134,14
JUANITA,135,15
ANITA,136,16
RHONDA,137,17
HAZEL,138,18
AMBER,139,19
EVA,140,20
DEBBIE,141,21
APRIL,142,22
LESLIE,143,23
CLARA,144,24
LUCILLE,145,25
JAMIE,146,26
JOANNE,147,27
ELEANOR,148,28
VALERIE,149,29
DANIELLE,150,30
MEGAN,151,31
ALICIA,152,32
SUZANNE,153,33
MICHELE,154,34
GAIL,155,35
BERTHA,156,36
DARLENE,157,37
VERONICA,158,38
JILL,159,39
ERIN,160,0
GERALDINE,161,1
LAUREN,162,2
CATHY,163,3
JOANN,164,4
LORRAINE,165,5
LYNN,166,6
SALLY,167,7
REGINA,168,8
ERICA,169,9
BEATRICE,170,10
DOLORES,171,11
BERNICE,172,12
AUDREY,173,13
YVONNE,174,14
ANNETTE,175,15
JUNE,176,16
SAMANTHA,177,17
MARION,178,18
DANA,179,19
STACY,180,20
ANA,181,21
RENEE,182,22
IDA,183,23
VIVIAN,184,24
ROBERTA,185,25
HOLLY,186,26
BRITTANY,187,27
MELANIE,188,28
LORETTA,189,29
YOLANDA,190,30
JEANETTE,191,31
LAURIE,192,32
KATIE,193,33
KRISTEN,194,34
VANESSA,195,35
ALMA,196,36
SUE,197,37
ELSIE,198,38
BETH,199,39
JEANNE,200,0
VICKI,201,1
CARLA,202,2
TARA,203,3
ROSEMARY,204,4
EILEEN,205,5
TERRI,206,6
GERTRUDE,207,7
LUCY,208,8
TONYA,209,9
ELLA,210,10
STACEY,211,11
WILMA,212,12
GINA,213,13
KRISTIN,214,14
JESSIE,215,15
NATALIE,216,16
AGNES,217,17
VERA,218,18
WILLIE,219,19
CHARLENE,220,20
BESSIE,221,21
DELORES,222,22
MELINDA,223,23
PEARL,224,24
ARLENE,225,25
MAUREEN,226,26
COLLEEN,227,27
ALLISON,228,28
TAMARA,229,29
JOY,230,30
GEORGIA,231,31
CONSTANCE,232,32
LILLIE,233,33
CLAUDIA,234,34
JACKIE,235,35
MARCIA,236,36
TANYA,237,37
NELLIE,238,38
MINNIE,239,39
MARLENE,240,0
HEIDI,241,1
GLENDA,242,2
LYDIA,243,3
VIOLA,244,4
COURTNEY,245,5
MARIAN,246,6
STELLA,247,7
CAROLINE,248,8
DORA,249,9
JO,250,10
VICKIE,251,11
MATTIE,252,12
TERRY,253,13
MAXINE,254,14
IRMA,255,15
MABEL,256,16
MARSHA,257,17
MYRTLE,258,18
LENA,259,19
CHRISTY,260,20
DEANNA,261,21
PATSY,262,22
HILDA,263,23
GWENDOLYN,264,24
JENNIE,265,25
NORA,266,26
MARGIE,267,27
NINA,268,28
CASSANDRA,269,29
LEAH,270,30
PENNY,271,31
KAY,272,32
PRISCILLA,273,33
NAOMI,274,34
CAROLE,275,35
BRANDY,276,36
OLGA,277,37
BILLIE,278,38
DIANNE,279,39
TRACEY,280,0
LEONA,281,1
JENNY,282,2
FELICIA,283,3
SONIA,284,4
MIRIAM,285,5
VELMA,286,6
BECKY,287,7
BOBBIE,288,8
VIOLET,289,9
KRISTINA,290,10
TONI,291,11
MISTY,292,12
MAE,293,13
SHELLY,294,14
DAISY,295,15
RAMONA,296,16
SHERRI,297,17
ERIKA,298,18
KATRINA,299,19
CLAIRE,300,20
LINDSEY,301,21
LINDSAY,302,22
GENEVA,303,23
GUADALUPE,304,24
BELINDA,305,25
MARGARITA,306,26
SHERYL,307,27
CORA,308,28
FAYE,309,29
ADA,310,30
NATASHA,311,31
SABRINA,312,32
ISABEL,313,33
MARGUERITE,314,34
HATTIE,315,35
HARRIET,316,36
MOLLY,317,37
CECILIA,318,38
KRISTI,319,39
BRANDI,320,0
BLANCHE,321,1
SANDY,322,2
ROSIE,323,3
JOANNA,324,4
IRIS,325,5
EUNICE,326,6
ANGIE,327,7
INEZ,328,8
LYNDA,329,9
MADELINE,330,10
AMELIA,331,11
ALBERTA,332,12
GENEVIEVE,333,13
MONIQUE,334,14
JODI,335,15
JANIE,336,16
MAGGIE,337,17
KAYLA,338,18
SONYA,339,19
JAN,340,20
LEE,341,21
KRISTINE,342,22
CANDACE,343,23
FANNIE,344,24
MARYANN,345,25
OPAL,346,26
ALISON,347,27
YVETTE,348,28
MELODY,349,29
LUZ,350,30
SUSIE,351,31
OLIVIA,352,32
FLORA,353,33
SHELLEY,354,34
KRISTY,355,35
MAMIE,356,36
LULA,357,37
LOLA,358,38
VERNA,359,39
BEULAH,360,0
ANTOINETTE,361,1
CANDICE,362,2
JUANA,363,3
JEANNETTE,364,4
PAM,365,5
KELLI,366,6
HANNAH,367,7
WHITNEY,368,8
BRIDGET,369,9
KARLA,370,10
CELIA,371,11
LATOYA,372,12
PATTY,373,13
SHELIA,374,14
GAYLE,375,15
DELLA,376,16
VICKY,377,17
LYNNE,378,18
SHERI,379,19
MARIANNE,380,20
KARA,381,21
JACQUELYN,382,22
ERMA,383,23
BLANCA,384,24
MYRA,385,25
LETICIA,386,26
PAT,387,27
KRISTA,388,28
ROXANNE,389,29
ANGELICA,390,30
JOHNNIE,391,31
ROBYN,392,32
FRANCIS,393,33
ADRIENNE,394,34
ROSALIE,395,35
ALEXANDRA,396,36
BROOKE,397,37
BETHANY,398,38
SADIE,399,39
BERNADETTE,400,0
TRACI,401,1
JODY,402,2
KENDRA,403,3
JASMINE,404,4
NICHOLE,405,5
RACHAEL,406,6
CHELSEA,407,7
MABLE,408,8
ERNESTINE,409,9
MURIEL,410,10
MARCELLA,411,11
ELENA,412,12
KRYSTAL,413,13
ANGELINA,414,14
NADINE,415,15
KARI,416,16
ESTELLE,417,17
DIANNA,418,18
PAULETTE,419,19
LORA,420,20
MONA,421,21
DOREEN,422,22
ROSEMARIE,423,23
ANGEL,424,24
DESIREE,425,25
ANTONIA,426,26
HOPE,427,27
GINGER,428,28
JANIS,429,29
BETSY,430,30
CHRISTIE,431,31
FREDA,432,32
MERCEDES,433,33
MEREDITH,434,34
LYNETTE,435,35
TERI,436,36
CRISTINA,437,37
EULA,438,38
LEIGH,439,39
MEGHAN,440,0
SOPHIA,441,1
ELOISE,442,2
ROCHELLE,443,3
GRETCHEN,444,4
CECELIA,445,5
RAQUEL,446,6
HENRIETTA,447,7
ALYSSA,448,8
JANA,449,9
KELLEY,450,10
GWEN,451,11
KERRY,452,12
JENNA,453,13
TRICIA,454,14
LAVERNE,455,15
OLIVE,456,16
ALEXIS,457,17
TASHA,458,18
SILVIA,459,19
ELVIRA,460,20
CASEY,461,21
DELIA,462,22
SOPHIE,463,23
KATE,464,24
PATTI,465,25
LORENA,466,26
KELLIE,467,27
SONJA,468,28
LILA,469,29
LANA,470,30
DARLA,471,31
MAY,472,32
MINDY,473,33
ESSIE,474,34
MANDY,475,35
LORENE,476,36
ELSA,477,37
JOSEFINA,478,38
JEANNIE,479,39
MIRANDA,480,0
DIXIE,481,1
LUCIA,482,2
MARTA,483,3
FAITH,484,4
LELA,485,5
JOHANNA,486,6
SHARI,487,7
CAMILLE,488,8
TAMI,489,9
SHAWNA,490,10
ELISA,491,11
EBONY,492,12
MELBA,493,13
ORA,494,14
NETTIE,495,15
TABITHA,496,16
OLLIE,497,17
JAIME,498,18
WINIFRED,499,19
KRISTIE,500,20
MARINA,501,21
ALISHA,502,22
AIMEE,503,23
RENA,504,24
MYRNA,505,25
MARLA,506,26
TAMMIE,507,27
LATASHA,508,28
BONITA,509,29
PATRICE,510,30
RONDA,511,31
SHERRIE,512,32
ADDIE,513,33
FRANCINE,514,34
DELORIS,515,35
STACIE,516,36
ADRIANA,517,37
CHERI,518,38
SHELBY,519,39
ABIGAIL,520,0
CELESTE,521,1
JEWEL,522,2
CARA,523,3
ADELE,524,4
REBEKAH,525,5
LUCINDA,526,6
DORTHY,527,7
CHRIS,528,8
EFFIE,529,9
TRINA,530,10
REBA,531,11
SHAWN,532,12
SALLIE,533,13
AURORA,534,14
LENORA,535,15
ETTA,536,16
LOTTIE,537,17
KERRI,538,18
TRISHA,539,19
NIKKI,540,20
ESTELLA,541,21
FRANCISCA,542,22
JOSIE,543,23
TRACIE,544,24
MARISSA,545,25
KARIN,546,26
BRITTNEY,547,27
JANELLE,548,28
LOURDES,549,29
LAUREL,550,30
HELENE,551,31
FERN,552,32
ELVA,553,33
CORINNE,554,34
KELSEY,555,35
INA,556,36
BETTIE,557,37
ELISABETH,558,38
AIDA,559,39
CAITLIN,560,0
INGRID,561,1
IVA,562,2
EUGENIA,563,3
CHRISTA,564,4
GOLDIE,565,5
CASSIE,566,6
MAUDE,567,7
JENIFER,568,8
THERESE,569,9
FRANKIE,570,10
DENA,571,11
LORNA,572,12
JANETTE,573,13
LATONYA,574,14
CANDY,575,15
MORGAN,576,16
CONSUELO,577,17
TAMIKA,578,18
ROSETTA,579,19
DEBORA,580,20
CHERIE,581,21
POLLY,582,22
DINA,583,23
JEWELL,584,24
FAY,585,25
JILLIAN,586,26
DOROTHEA,587,27
NELL,588,28
TRUDY,589,29
ESPERANZA,590,30
PATRICA,591,31
KIMBERLEY,592,32
SHANNA,593,33
HELENA,594,34
CAROLINA,595,35
CLEO,596,36
STEFANIE,597,37
ROSARIO,598,38
OLA,599,39
JANINE,600,0
MOLLIE,601,1
LUPE,602,2
ALISA,603,3
LOU,604,4
MARIBEL,605,5
SUSANNE,606,6
BETTE,607,7
SUSANA,608,8
ELISE,609,9
CECILE,610,10
ISABELLE,611,11
LESLEY,612,12
JOCELYN,613,13
PAIGE,614,14
JONI,615,15
RACHELLE,616,16
LEOLA,617,17
DAPHNE,618,18
ALTA,619,19
ESTER,620,20
PETRA,621,21
GRACIELA,622,22
IMOGENE,623,23
JOLENE,624,24
KEISHA,625,25
LACEY,626,26
GLENNA,627,27
GABRIELA,628,28
KERI,629,29
URSULA,630,30
LIZZIE,631,31
KIRSTEN,632,32
SHANA,633,33
ADELINE,634,34
MAYRA,635,35
JAYNE,636,36
JACLYN,637,37
GRACIE,638,38
SONDRA,639,39
CARMELA,640,0
MARISA,641,1
ROSALIND,642,2
CHARITY,643,3
TONIA,644,4
BEATRIZ,645,5
MARISOL,646,6
CLARICE,647,7
JEANINE,648,8
SHEENA,649,9
ANGELINE,650,10
FRIEDA,651,11
LILY,652,12
ROBBIE,653,13
SHAUNA,654,14
MILLIE,655,15
CLAUDETTE,656,16
CATHLEEN,657,17
ANGELIA,658,18
GABRIELLE,659,19
AUTUMN,660,20
KATHARINE,661,21
SUMMER,662,22
JODIE,663,23
STACI,664,24
LEA,665,25
CHRISTI,666,26
JIMMIE,667,27
JUSTINE,668,28
ELMA,669,29
LUELLA,670,30
MARGRET,671,31
DOMINIQUE,672,32
SOCORRO,673,33
RENE,674,34
MARTINA,675,35
MARGO,676,36
MAVIS,677,37
CALLIE,678,38
BOBBI,679,39
MARITZA,680,0
LUCILE,681,1
LEANNE,682,2
JEANNINE,683,3
DEANA,684,4
AILEEN,685,5
LORIE,686,6
LADONNA,687,7
WILLA,688,8
MANUELA,689,9
GALE,690,10
SELMA,691,11
DOLLY,692,12
SYBIL,693,13
ABBY,694,14
LARA,695,15
DALE,696,16
IVY,697,17
DEE,698,18
WINNIE,699,19
MARCY,700,20
LUISA,701,21
JERI,702,22
MAGDALENA,703,23
OFELIA,704,24
MEAGAN,705,25
AUDRA,706,26
MATILDA,707,27
LEILA,708,28
CORNELIA,709,29
BIANCA,710,30
SIMONE,711,31
BETTYE,712,32
RANDI,713,33
VIRGIE,714,34
LATISHA,715,35
BARBRA,716,36
GEORGINA,717,37
ELIZA,718,38
LEANN,719,39
BRIDGETTE,720,0
RHODA,721,1
HALEY,722,2
ADELA,723,3
NOLA,724,4
BERNADINE,725,5
FLOSSIE,726,6
ILA,727,7
GRETA,728,8
RUTHIE,729,9
NELDA,730,10
MINERVA,731,11
LILLY,732,12
TERRIE,733,13
LETHA,734,14
HILARY,735,15
ESTELA,736,16
VALARIE,737,17
BRIANNA,738,18
ROSALYN,739,19
EARLINE,740,20
CATALINA,741,21
AVA,742,22
MIA,743,23
CLARISSA,744,24
LIDIA,745,25
CORRINE,746,26
ALEXANDRIA,747,27
CONCEPCION,748,28
TIA,749,29
SHARRON,750,30
RAE,751,31
DONA,752,32
ERICKA,753,33
JAMI,754,34
ELNORA,755,35
CHANDRA,756,36
LENORE,757,37
NEVA,758,38
MARYLOU,759,39
MELISA,760,0
TABATHA,761,1
SERENA,762,2
AVIS,763,3
ALLIE,764,4
SOFIA,765,5
JEANIE,766,6
ODESSA,767,7
NANNIE,768,8
HARRIETT,769,9
LORAINE,770,10
PENELOPE,771,11
MILAGROS,772,12
EMILIA,773,13
BENITA,774,14
ALLYSON,775,15
ASHLEE,776,16
TANIA,777,17
TOMMIE,778,18
ESMERALDA,779,19
KARINA,780,20
EVE,781,21
PEARLIE,782,22
ZELMA,783,23
MALINDA,784,24
NOREEN,785,25
TAMEKA,786,26
SAUNDRA,787,27
HILLARY,788,28
AMIE,789,29
ALTHEA,790,30
ROSALINDA,791,31
JORDAN,792,32
LILIA,793,33
ALANA,794,34
GAY,795,35
CLARE,796,36
ALEJANDRA,797,37
ELINOR,798,38
MICHAEL,799,39
LORRIE,800,0
JERRI,801,1
DARCY,802,2
EARNESTINE,803,3
CARMELLA,804,4
TAYLOR,805,5
NOEMI,806,6
MARCIE,807,7
LIZA,808,8
ANNABELLE,809,9
LOUISA,810,10
EARLENE,811,11
MALLORY,812,12
CARLENE,813,13
NITA,814,14
SELENA,815,15
TANISHA,816,16
KATY,817,17
JULIANNE,818,18
JOHN,819,19
LAKISHA,820,20
EDWINA,821,21
MARICELA,822,22
MARGERY,823,23
KENYA,824,24
DOLLIE,825,25
ROXIE,826,26
ROSLYN,827,27
KATHRINE,828,28
NANETTE,829,29
CHARMAINE,830,30
LAVONNE,831,31
ILENE,832,32
KRIS,833,33
TAMMI,834,34
SUZETTE,835,35
CORINE,836,36
KAYE,837,37
JERRY,838,38
MERLE,839,39
CHRYSTAL,840,0
LINA,841,1
DEANNE,842,2
LILIAN,843,3
JULIANA,844,4
ALINE,845,5
LUANN,846,6
KASEY,847,7
MARYANNE,848,8
EVANGELINE,849,9
COLETTE,850,10
MELVA,851,11
LAWANDA,852,12
YESENIA,853,13
NADIA,854,14
MADGE,855,15
KATHIE,856,16
EDDIE,857,17
OPHELIA,858,18
VALERIA,859,19
NONA,860,20
MITZI,861,21
MARI,862,22
GEORGETTE,863,23
CLAUDINE,864,24
FRAN,865,25
ALISSA,866,26
ROSEANN,867,27
LAKEISHA,868,28
SUSANNA,869,29
REVA,870,30
DEIDRE,871,31
CHASITY,872,32
SHEREE,873,33
CARLY,874,34
JAMES,875,35
ELVIA,876,36
ALYCE,877,37
DEIRDRE,878,38
GENA,879,39
BRIANA,880,0
ARACELI,881,1
KATELYN,882,2
ROSANNE,883,3
WENDI,884,4
TESSA,885,5
BERTA,886,6
MARVA,887,7
IMELDA,888,8
MARIETTA,889,9
MARCI,890,10
LEONOR,891,11
ARLINE,892,12
SASHA,893,13
MADELYN,894,14
JANNA,895,15
JULIETTE,896,16
DEENA,897,17
AURELIA,898,18
JOSEFA,899,19
AUGUSTA,900,20
LILIANA,901,21
YOUNG,902,22
CHRISTIAN,903,23
LESSIE,904,24
AMALIA,905,25
SAVANNAH,906,26
ANASTASIA,907,27
VILMA,908,28
NATALIA,909,29
ROSELLA,910,30
LYNNETTE,911,31
CORINA,912,32
ALFREDA,913,33
LEANNA,914,34
CAREY,915,35
AMPARO,916,36
COLEEN,917,37
TAMRA,918,38
AISHA,919,39
WILDA,920,0
KARYN,921,1
CHERRY,922,2
QUEEN,923,3
MAURA,924,4
MAI,925,5
EVANGELINA,926,6
ROSANNA,927,7
HALLIE,928,8
ERNA,929,9
ENID,930,10
MARIANA,931,11
LACY,932,12
JULIET,933,13
JACKLYN,934,14
FREIDA,935,15
MADELEINE,936,16
MARA,937,17
HESTER,938,18
CATHRYN,939,19
LELIA,940,20
CASANDRA,941,21
BRIDGETT,942,22
ANGELITA,943,23
JANNIE,944,24
DIONNE,945,25
ANNMARIE,946,26
KATINA,947,27
BERYL,948,28
PHOEBE,949,29
MILLICENT,950,30
KATHERYN,951,31
DIANN,952,32
CARISSA,953,33
MARYELLEN,954,34
LIZ,955,35
LAURI,956,36
HELGA,957,37
GILDA,958,38
ADRIAN,959,39
RHEA,960,0
MARQUITA,961,1
HOLLIE,962,2
TISHA,963,3
TAMERA,964,4
ANGELIQUE,965,5
FRANCESCA,966,6
BRITNEY,967,7
KAITLIN,968,8
LOLITA,969,9
FLORINE,970,10
ROWENA,971,11
REYNA,972,12
TWILA,973,13
FANNY,974,14
JANELL,975,15
INES,976,16
CONCETTA,977,17
BERTIE,978,18
ALBA,979,19
BRIGITTE,980,20
ALYSON,981,21
VONDA,982,22
PANSY,983,23
ELBA,984,24
NOELLE,985,25
LETITIA,986,26
KITTY,987,27
DEANN,988,28
BRANDIE,989,29
LOUELLA,990,30
LETA,991,31
FELECIA,992,32
SHARLENE,993,33
LESA,994,34
BEVERLEY,995,35
ROBERT,996,36
ISABELLA,997,37
HERMINIA,998,38
TERRA,999,39
CELINA,1000,0
TORI,1001,1
OCTAVIA,1002,2
JADE,1003,3
DENICE,1004,4
GERMAINE,1005,5
SIERRA,1006,6
MICHELL,1007,7
CORTNEY,1008,8
NELLY,1009,9
DORETHA,1010,10
SYDNEY,1011,11
DEIDRA,1012,12
MONIKA,1013,13
LASHONDA,1014,14
JUDI,1015,15
CHELSEY,1016,16
ANTIONETTE,1017,17
MARGOT,1018,18
BOBBY,1019,19
ADELAIDE,1020,20
NAN,1021,21
LEEANN,1022,22
ELISHA,1023,23
DESSIE,1024,24
LIBBY,1025,25
KATHI,1026,26
GAYLA,1027,27
LATANYA,1028,28
MINA,1029,29
MELLISA,1030,30
KIMBERLEE,1031,31
JASMIN,1032,32
RENAE,1033,33
ZELDA,1034,34
ELDA,1035,35
MA,1036,36
JUSTINA,1037,37
GUSSIE,1038,38
EMILIE,1039,39
CAMILLA,1040,0
ABBIE,1041,1
ROCIO,1042,2
KAITLYN,1043,3
JESSE,1044,4
EDYTHE,1045,5
ASHLEIGH,1046,6
SELINA,1047,7
LAKESHA,1048,8
GERI,1049,9
ALLENE,1050,10
PAMALA,1051,11
MICHAELA,1052,12
DAYNA,1053,13
CARYN,1054,14
ROSALIA,1055,15
SUN,1056,16
JACQULINE,1057,17
REBECA,1058,18
MARYBETH,1059,19
KRYSTLE,1060,20
IOLA,1061,21
DOTTIE,1062,22
BENNIE,1063,23
BELLE,1064,24
AUBREY,1065,25
GRISELDA,1066,26
ERNESTINA,1067,27
ELIDA,1068,28
ADRIANNE,1069,29
DEMETRIA,1070,30
DELMA,1071,31
CHONG,1072,32
JAQUELINE,1073,33
DESTINY,1074,34
ARLEEN,1075,35
VIRGINA,1076,36
RETHA,1077,37
FATIMA,1078,38
TILLIE,1079,39
ELEANORE,1080,0
CARI,1081,1
TREVA,1082,2
BIRDIE,1083,3
WILHELMINA,1084,4
ROSALEE,1085,5
MAURINE,1086,6
LATRICE,1087,7
YONG,1088,8
JENA,1089,9
TARYN,1090,10
ELIA,1091,11
DEBBY,1092,12
MAUDIE,1093,13
JEANNA,1094,14
DELILAH,1095,15
CATRINA,1096,16
SHONDA,1097,17
HORTENCIA,1098,18
THEODORA,1099,19
TERESITA,1100,20
ROBBIN,1101,21
DANETTE,1102,22
MARYJANE,1103,23
FREDDIE,1104,24
DELPHINE,1105,25
BRIANNE,1106,26
NILDA,1107,27
DANNA,1108,28
CINDI,1109,29
BESS,1110,30
IONA,1111,31
HANNA,1112,32
ARIEL,1113,33
WINONA,1114,34
VIDA,1115,35
ROSITA,1116,36
MARIANNA,1117,37
WILLIAM,1118,38
RACHEAL,1119,39
GUILLERMINA,1120,0
ELOISA,1121,1
CELESTINE,1122,2
CAREN,1123,3
MALISSA,1124,4
LONA,1125,5
CHANTEL,1126,6
SHELLIE,1127,7
MARISELA,1128,8
LEORA,1129,9
AGATHA,1130,10
SOLEDAD,1131,11
MIGDALIA,1132,12
IVETTE,1133,13
CHRISTEN,1134,14
ATHENA,1135,15
JANEL,1136,16
CHLOE,1137,17
VEDA,1138,18
PATTIE,1139,19
TESSIE,1140,20
TERA,1141,21
MARILYNN,1142,22
LUCRETIA,1143,23
KARRIE,1144,24
DINAH,1145,25
DANIELA,1146,26
ALECIA,1147,27
ADELINA,1148,28
VERNICE,1149,29
SHIELA,1150,30
PORTIA,1151,31
MERRY,1152,32
LASHAWN,1153,33
DEVON,1154,34
DARA,1155,35
TAWANA,1156,36
OMA,1157,37
VERDA,1158,38
CHRISTIN,1159,39
ALENE,1160,0
ZELLA,1161,1
SANDI,1162,2
RAFAELA,1163,3
MAYA,1164,4
KIRA,1165,5
CANDIDA,1166,6
ALVINA,1167,7
SUZAN,1168,8
SHAYLA,1169,9
LYN,1170,10
LETTIE,1171,11
ALVA,1172,12
SAMATHA,1173,13
ORALIA,1174,14
MATILDE,1175,15
MADONNA,1176,16
LARISSA,1177,17
VESTA,1178,18
RENITA,1179,19
INDIA,1180,20
DELOIS,1181,21
SHANDA,1182,22
PHILLIS,1183,23
LORRI,1184,24
ERLINDA,1185,25
CRUZ,1186,26
CATHRINE,1187,27
BARB,1188,28
ZOE,1189,29
ISABELL,1190,30
IONE,1191,31
GISELA,1192,32
CHARLIE,1193,33
VALENCIA,1194,34
ROXANNA,1195,35
MAYME,1196,36
KISHA,1197,37
ELLIE,1198,38
MELLISSA,1199,39
DORRIS,1200,0
DALIA,1201,1
BELLA,1202,2
ANNETTA,1203,3
ZOILA,1204,4
RETA,1205,5
REINA,1206,6
LAURETTA,1207,7
KYLIE,1208,8
CHRISTAL,1209,9
PILAR,1210,10
CHARLA,1211,11
ELISSA,1212,12
TIFFANI,1213,13
TANA,1214,14
PAULINA,1215,15
LEOTA,1216,16
BREANNA,1217,17
JAYME,1218,18
CARMEL,1219,19
VERNELL,1220,20
TOMASA,1221,21
MANDI,1222,22
DOMINGA,1223,23
SANTA,1224,24
MELODIE,1225,25
LURA,1226,26
ALEXA,1227,27
TAMELA,1228,28
RYAN,1229,29
MIRNA,1230,30
KERRIE,1231,31
VENUS,1232,32
NOEL,1233,33
FELICITA,1234,34
CRISTY,1235,35
CARMELITA,1236,36
BERNIECE,1237,37
ANNEMARIE,1238,38
TIARA,1239,39
ROSEANNE,1240,0
MISSY,1241,1
CORI,1242,2
ROXANA,1243,3
PRICILLA,1244,4
KRISTAL,1245,5
JUNG,1246,6
ELYSE,1247,7
HAYDEE,1248,8
ALETHA,1249,9
BETTINA,1250,10
MARGE,1251,11
GILLIAN,1252,12
FILOMENA,1253,13
CHARLES,1254,14
ZENAIDA,1255,15
HARRIETTE,1256,16
CARIDAD,1257,17
VADA,1258,18
UNA,1259,19
ARETHA,1260,20
PEARLINE,1261,21
MARJORY,1262,22
MARCELA,1263,23
FLOR,1264,24
EVETTE,1265,25
ELOUISE,1266,26
ALINA,1267,27
TRINIDAD,1268,28
DAVID,1269,29
DAMARIS,1270,30
CATHARINE,1271,31
CARROLL,1272,32
BELVA,1273,33
NAKIA,1274,34
MARLENA,1275,35
LUANNE,1276,36
LORINE,1277,37
KARON,1278,38
DORENE,1279,39
DANITA,1280,0
BRENNA,1281,1
TATIANA,1282,2
SAMMIE,1283,3
LOUANN,1284,4
LOREN,1285,5
JULIANNA,1286,6
ANDRIA,1287,7
PHILOMENA,1288,8
LUCILA,1289,9
LEONORA,1290,10
DOVIE,1291,11
ROMONA,1292,12
MIMI,1293,13
JACQUELIN,1294,14
GAYE,1295,15
TONJA,1296,16
MISTI,1297,17
JOE,1298,18
GENE,1299,19
CHASTITY,1300,20
STACIA,1301,21
ROXANN,1302,22
MICAELA,1303,23
NIKITA,1304,24
MEI,1305,25
VELDA,1306,26
MARLYS,1307,27
JOHNNA,1308,28
AURA,1309,29
LAVERN,1310,30
IVONNE,1311,31
HAYLEY,1312,32
NICKI,1313,33
MAJORIE,1314,34
HERLINDA,1315,35
GEORGE,1316,36
ALPHA,1317,37
YADIRA,1318,38
PERLA,1319,39
GREGORIA,1320,0
DANIEL,1321,1
ANTONETTE,1322,2
SHELLI,1323,3
MOZELLE,1324,4
MARIAH,1325,5
JOELLE,1326,6
CORDELIA,1327,7
JOSETTE,1328,8
CHIQUITA,1329,9
TRISTA,1330,10
LOUIS,1331,11
LAQUITA,1332,12
GEORGIANA,1333,13
CANDI,1334,14
SHANON,1335,15
LONNIE,1336,16
HILDEGARD,1337,17
CECIL,1338,18
VALENTINA,1339,19
STEPHANY,1340,20
MAGDA,1341,21
KAROL,1342,22
GERRY,1343,23
GABRIELLA,1344,24
TIANA,1345,25
ROMA,1346,26
RICHELLE,1347,27
RAY,1348,28
PRINCESS,1349,29
OLETA,1350,30
JACQUE,1351,31
IDELLA,1352,32
ALAINA,1353,33
SUZANNA,1354,34
JOVITA,1355,35
BLAIR,1356,36
TOSHA,1357,37
RAVEN,1358,38
NEREIDA,1359,39
MARLYN,1360,0
KYLA,1361,1
JOSEPH,1362,2
DELFINA,1363,3
TENA,1364,4
STEPHENIE,1365,5
SABINA,1366,6
NATHALIE,1367,7
MARCELLE,1368,8
GERTIE,1369,9
DARLEEN,1370,10
THEA,1371,11
SHARONDA,1372,12
SHANTEL,1373,13
BELEN,1374,14
VENESSA,1375,15
ROSALINA,1376,16
ONA,1377,17
GENOVEVA,1378,18
COREY,1379,19
CLEMENTINE,1380,20
ROSALBA,1381,21
RENATE,1382,22
RENATA,1383,23
MI,1384,24
IVORY,1385,25
GEORGIANNA,1386,26
FLOY,1387,27
DORCAS,1388,28
ARIANA,1389,29
TYRA,1390,30
THEDA,1391,31
MARIAM,1392,32
JULI,1393,33
JESICA,1394,34
DONNIE,1395,35
VIKKI,1396,36
VERLA,1397,37
ROSELYN,1398,38
MELVINA,1399,39
JANNETTE,1400,0
GINNY,1401,1
DEBRAH,1402,2
CORRIE,1403,3
ASIA,1404,4
VIOLETA,1405,5
MYRTIS,1406,6
LATRICIA,1407,7
COLLETTE,1408,8
CHARLEEN,1409,9
ANISSA,1410,10
VIVIANA,1411,11
TWYLA,1412,12
PRECIOUS,1413,13
NEDRA,1414,14
LATONIA,1415,15
LAN,1416,16
HELLEN,1417,17
FABIOLA,1418,18
ANNAMARIE,1419,19
ADELL,1420,20
SHARYN,1421,21
CHANTAL,1422,22
NIKI,1423,23
MAUD,1424,24
LIZETTE,1425,25
LINDY,1426,26
KIA,1427,27
KESHA,1428,28
JEANA,1429,29
DANELLE,1430,30
CHARLINE,1431,31
CHANEL,1432,32
CARROL,1433,33
VALORIE,1434,34
LIA,1435,35
DORTHA,1436,36
CRISTAL,1437,37
SUNNY,1438,38
LEONE,1439,39
LEILANI,1440,0
GERRI,1441,1
DEBI,1442,2
ANDRA,1443,3
KESHIA,1444,4
IMA,1445,5
EULALIA,1446,6
EASTER,1447,7
DULCE,1448,8
NATIVIDAD,1449,9
LINNIE,1450,10
KAMI,1451,11
GEORGIE,1452,12
CATINA,1453,13
BROOK,1454,14
ALDA,1455,15
WINNIFRED,1456,16
SHARLA,1457,17
RUTHANN,1458,18
MEAGHAN,1459,19
MAGDALENE,1460,20
LISSETTE,1461,21
ADELAIDA,1462,22
VENITA,1463,23
TRENA,1464,24
SHIRLENE,1465,25
SHAMEKA,1466,26
ELIZEBETH,1467,27
DIAN,1468,28
SHANTA,1469,29
MICKEY,1470,30
LATOSHA,1471,31
CARLOTTA,1472,32
WINDY,1473,33
SOON,1474,34
ROSINA,1475,35
MARIANN,1476,36
LEISA,1477,37
JONNIE,1478,38
DAWNA,1479,39
CATHIE,1480,0
BILLY,1481,1
ASTRID,1482,2
SIDNEY,1483,3
LAUREEN,1484,4
JANEEN,1485,5
HOLLI,1486,6
FAWN,1487,7
VICKEY,1488,8
TERESSA,1489,9
SHANTE,1490,10
RUBYE,1491,11
MARCELINA,1492,12
CHANDA,1493,13
CARY,1494,14
TERESE,1495,15
SCARLETT,1496,16
MARTY,1497,17
MARNIE,1498,18
LULU,1499,19
LISETTE,1500,20
JENIFFER,1501,21
ELENOR,1502,22
DORINDA,1503,23
DONITA,1504,24
CARMAN,1505,25
BERNITA,1506,26
ALTAGRACIA,1507,27
ALETA,1508,28
ADRIANNA,1509,29
ZORAIDA,1510,30
RONNIE,1511,31
NICOLA,1512,32
LYNDSEY,1513,33
KENDALL,1514,34
JANINA,1515,35
CHRISSY,1516,36
AMI,1517,37
STARLA,1518,38
PHYLIS,1519,39
PHUONG,1520,0
KYRA,1521,1
CHARISSE,1522,2
BLANCH,1523,3
SANJUANITA,1524,4
RONA,1525,5
NANCI,1526,6
MARILEE,1527,7
MARANDA,1528,8
CORY,1529,9
BRIGETTE,1530,10
SANJUANA,1531,11
MARITA,1532,12
KASSANDRA,1533,13
JOYCELYN,1534,14
IRA,1535,15
FELIPA,1536,16
CHELSIE,1537,17
BONNY,1538,18
MIREYA,1539,19
LORENZA,1540,20
KYONG,1541,21
ILEANA,1542,22
CANDELARIA,1543,23
TONY,1544,24
TOBY,1545,25
SHERIE,1546,26
OK,1547,27
MARK,1548,28
LUCIE,1549,29
LEATRICE,1550,30
LAKESHIA,1551,31
GERDA,1552,32
EDIE,1553,33
BAMBI,1554,34
MARYLIN,1555,35
LAVON,1556,36
HORTENSE,1557,37
GARNET,1558,38
EVIE,1559,39
TRESSA,1560,0
SHAYNA,1561,1
LAVINA,1562,2
KYUNG,1563,3
JEANETTA,1564,4
SHERRILL,1565,5
SHARA,1566,6
PHYLISS,1567,7
MITTIE,1568,8
ANABEL,1569,9
ALESIA,1570,10
THUY,1571,11
TAWANDA,1572,12
RICHARD,1573,13
JOANIE,1574,14
TIFFANIE,1575,15
LASHANDA,1576,16
KARISSA,1577,17
ENRIQUETA,1578,18
DARIA,1579,19
DANIELLA,1580,20
CORINNA,1581,21
ALANNA,1582,22
ABBEY,1583,23
ROXANE,1584,24
ROSEANNA,1585,25
MAGNOLIA,1586,26
LIDA,1587,27
KYLE,1588,28
JOELLEN,1589,29
ERA,1590,30
CORAL,1591,31
CARLEEN,1592,32
TRESA,1593,33
PEGGIE,1594,34
NOVELLA,1595,35
NILA,1596,36
MAYBELLE,1597,37
JENELLE,1598,38
CARINA,1599,39
NOVA,1600,0
MELINA,1601,1
MARQUERITE,1602,2
MARGARETTE,1603,3
JOSEPHINA,1604,4
EVONNE,1605,5
DEVIN,1606,6
CINTHIA,1607,7
ALBINA,1608,8
TOYA,1609,9
TAWNYA,1610,10
SHERITA,1611,11
SANTOS,1612,12
MYRIAM,1613,13
LIZABETH,1614,14
LISE,1615,15
KEELY,1616,16
JENNI,1617,17
GISELLE,1618,18
CHERYLE,1619,19
ARDITH,1620,20
ARDIS,1621,21
ALESHA,1622,22
ADRIANE,1623,23
SHAINA,1624,24
LINNEA,1625,25
KAROLYN,1626,26
HONG,1627,27
FLORIDA,1628,28
FELISHA,1629,29
DORI,1630,30
DARCI,1631,31
ARTIE,1632,32
ARMIDA,1633,33
ZOLA,1634,34
XIOMARA,1635,35
VERGIE,1636,36
SHAMIKA,1637,37
NENA,1638,38
NANNETTE,1639,39
MAXIE,1640,0
LOVIE,1641,1
JEANE,1642,2
JAIMIE,1643,3
INGE,1644,4
FARRAH,1645,5
ELAINA,1646,6
CAITLYN,1647,7
STARR,1648,8
FELICITAS,1649,9
CHERLY,1650,10
CARYL,1651,11
YOLONDA,1652,12
YASMIN,1653,13
TEENA,1654,14
PRUDENCE,1655,15
PENNIE,1656,16
NYDIA,1657,17
MACKENZIE,1658,18
ORPHA,1659,19
MARVEL,1660,20
LIZBETH,1661,21
LAURETTE,1662,22
JERRIE,1663,23
HERMELINDA,1664,24
CAROLEE,1665,25
TIERRA,1666,26
MIRIAN,1667,27
META,1668,28
MELONY,1669,29
KORI,1670,30
JENNETTE,1671,31
JAMILA,1672,32
ENA,1673,33
ANH,1674,34
YOSHIKO,1675,35
SUSANNAH,1676,36
SALINA,1677,37
RHIANNON,1678,38
JOLEEN,1679,39
CRISTINE,1680,0
ASHTON,1681,1
ARACELY,1682,2
TOMEKA,1683,3
SHALONDA,1684,4
MARTI,1685,5
LACIE,1686,6
KALA,1687,7
JADA,1688,8
ILSE,1689,9
HAILEY,1690,10
BRITTANI,1691,11
ZONA,1692,12
SYBLE,1693,13
SHERRYL,1694,14
RANDY,1695,15
NIDIA,1696,16
MARLO,1697,17
KANDICE,1698,18
KANDI,1699,19
DEB,1700,20
DEAN,1701,21
AMERICA,1702,22
ALYCIA,1703,23
TOMMY,1704,24
RONNA,1705,25
NORENE,1706,26
MERCY,1707,27
JOSE,1708,28
INGEBORG,1709,29
GIOVANNA,1710,30
GEMMA,1711,31
CHRISTEL,1712,32
AUDRY,1713,33
ZORA,1714,34
VITA,1715,35
VAN,1716,36
TRISH,1717,37
STEPHAINE,1718,38
SHIRLEE,1719,39
SHANIKA,1720,0
MELONIE,1721,1
MAZIE,1722,2
JAZMIN,1723,3
INGA,1724,4
HOA,1725,5
HETTIE,1726,6
GERALYN,1727,7
FONDA,1728,8
ESTRELLA,1729,9
ADELLA,1730,10
SU,1731,11
SARITA,1732,12
RINA,1733,13
MILISSA,1734,14
MARIBETH,1735,15
GOLDA,1736,16
EVON,1737,17
ETHELYN,1738,18
ENEDINA,1739,19
CHERISE,1740,20
CHANA,1741,21
VELVA,1742,22
TAWANNA,1743,23
SADE,1744,24
MIRTA,1745,25
LI,1746,26
KARIE,1747,27
JACINTA,1748,28
ELNA,1749,29
DAVINA,1750,30
CIERRA,1751,31
ASHLIE,1752,32
ALBERTHA,1753,33
TANESHA,1754,34
STEPHANI,1755,35
NELLE,1756,36
MINDI,1757,37
LU,1758,38
LORINDA,1759,39
LARUE,1760,0
FLORENE,1761,1
DEMETRA,1762,2
DEDRA,1763,3
CIARA,1764,4
CHANTELLE,1765,5
ASHLY,1766,6
SUZY,1767,7
ROSALVA,1768,8
NOELIA,1769,9
LYDA,1770,10
LEATHA,1771,11
KRYSTYNA,1772,12
KRISTAN,1773,13
KARRI,1774,14
DARLINE,1775,15
DARCIE,1776,16
CINDA,1777,17
CHEYENNE,1778,18
CHERRIE,1779,19
AWILDA,1780,20
ALMEDA,1781,21
ROLANDA,1782,22
LANETTE,1783,23
JERILYN,1784,24
GISELE,1785,25
EVALYN,1786,26
CYNDI,1787,27
CLETA,1788,28
CARIN,1789,29
ZINA,1790,30
ZENA,1791,31
VELIA,1792,32
TANIKA,1793,33
PAUL,1794,34
CHARISSA,1795,35
THOMAS,1796,36
TALIA,1797,37
MARGARETE,1798,38
LAVONDA,1799,39
KAYLEE,1800,0
KATHLENE,1801,1
JONNA,1802,2
IRENA,1803,3
ILONA,1804,4
IDALIA,1805,5
CANDIS,1806,6
CANDANCE,1807,7
BRANDEE,1808,8
ANITRA,1809,9
ALIDA,1810,10
SIGRID,1811,11
NICOLETTE,1812,12
MARYJO,1813,13
LINETTE,1814,14
HEDWIG,1815,15
CHRISTIANA,1816,16
CASSIDY,1817,17
ALEXIA,1818,18
TRESSIE,1819,19
MODESTA,1820,20
LUPITA,1821,21
LITA,1822,22
GLADIS,1823,23
EVELIA,1824,24
DAVIDA,1825,25
CHERRI,1826,26
CECILY,1827,27
ASHELY,1828,28
ANNABEL,1829,29
AGUSTINA,1830,30
WANITA,1831,31
SHIRLY,1832,32
ROSAURA,1833,33
HULDA,1834,34
EUN,1835,35
BAILEY,1836,36
YETTA,1837,37
VERONA,1838,38
THOMASINA,1839,39
SIBYL,1840,0
SHANNAN,1841,1
MECHELLE,1842,2
LUE,1843,3
LEANDRA,1844,4
LANI,1845,5
KYLEE,1846,6
KANDY,1847,7
JOLYNN,1848,8
FERNE,1849,9
EBONI,1850,10
CORENE,1851,11
ALYSIA,1852,12
ZULA,1853,13
NADA,1854,14
MOIRA,1855,15
LYNDSAY,1856,16
LORRETTA,1857,17
JUAN,1858,18
JAMMIE,1859,19
HORTENSIA,1860,20
GAYNELL,1861,21
CAMERON,1862,22
ADRIA,1863,23
VINA,1864,24
VICENTA,1865,25
TANGELA,1866,26
STEPHINE,1867,27
NORINE,1868,28
NELLA,1869,29
LIANA,1870,30
LESLEE,1871,31
KIMBERELY,1872,32
ILIANA,1873,33
GLORY,1874,34
FELICA,1875,35
EMOGENE,1876,36
ELFRIEDE,1877,37
EDEN,1878,38
EARTHA,1879,39
CARMA,1880,0
BEA,1881,1
OCIE,1882,2
MARRY,1883,3
LENNIE,1884,4
KIARA,1885,5
JACALYN,1886,6
CARLOTA,1887,7
ARIELLE,1888,8
YU,1889,9
STAR,1890,10
OTILIA,1891,11
KIRSTIN,1892,12
KACEY,1893,13
JOHNETTA,1894,14
JOEY,1895,15
JOETTA,1896,16
JERALDINE,1897,17
JAUNITA,1898,18
ELANA,1899,19
DORTHEA,1900,20
CAMI,1901,21
AMADA,1902,22
ADELIA,1903,23
VERNITA,1904,24
TAMAR,1905,25
SIOBHAN,1906,26
RENEA,1907,27
RASHIDA,1908,28
OUIDA,1909,29
ODELL,1910,30
NILSA,1911,31
MERYL,1912,32
KRISTYN,1913,33
JULIETA,1914,34
DANICA,1915,35
BREANNE,1916,36
AUREA,1917,37
ANGLEA,1918,38
SHERRON,1919,39
ODETTE,1920,0
MALIA,1921,1
LORELEI,1922,2
LIN,1923,3
LEESA,1924,4
KENNA,1925,5
KATHLYN,1926,6
FIONA,1927,7
CHARLETTE,1928,8
SUZIE,1929,9
SHANTELL,1930,10
SABRA,1931,11
RACQUEL,1932,12
MYONG,1933,13
MIRA,1934,14
MARTINE,1935,15
LUCIENNE,1936,16
LAVADA,1937,17
JULIANN,1938,18
JOHNIE,1939,19
ELVERA,1940,20
DELPHIA,1941,21
CLAIR,1942,22
CHRISTIANE,1943,23
CHAROLETTE,1944,24
CARRI,1945,25
AUGUSTINE,1946,26
ASHA,1947,27
ANGELLA,1948,28
PAOLA,1949,29
NINFA,1950,30
LEDA,1951,31
LAI,1952,32
EDA,1953,33
SUNSHINE,1954,34
STEFANI,1955,35
SHANELL,1956,36
PALMA,1957,37
MACHELLE,1958,38
LISSA,1959,39
KECIA,1960,0
KATHRYNE,1961,1
KARLENE,1962,2
JULISSA,1963,3
JETTIE,1964,4
JENNIFFER,1965,5
HUI,1966,6
CORRINA,1967,7
CHRISTOPHER,1968,8
CAROLANN,1969,9
ALENA,1970,10
TESS,1971,11
ROSARIA,1972,12
MYRTICE,1973,13
MARYLEE,1974,14
LIANE,1975,15
KENYATTA,1976,16
JUDIE,1977,17
JANEY,1978,18
IN,1979,19
ELMIRA,1980,20
ELDORA,1981,21
DENNA,1982,22
CRISTI,1983,23
CATHI,1984,24
ZAIDA,1985,25
VONNIE,1986,26
VIVA,1987,27
VERNIE,1988,28
ROSALINE,1989,29
MARIELA,1990,30
LUCIANA,1991,31
LESLI,1992,32
KARAN,1993,33
FELICE,1994,34
DENEEN,1995,35
ADINA,1996,36
WYNONA,1997,37
TARSHA,1998,38
SHERON,1999,39
SHASTA,2000,0
SHANITA,2001,1
SHANI,2002,2
SHANDRA,2003,3
RANDA,2004,4
PINKIE,2005,5
PARIS,2006,6
NELIDA,2007,7
MARILOU,2008,8
LYLA,2009,9
LAURENE,2010,10
LACI,2011,11
JOI,2012,12
JANENE,2013,13
DOROTHA,2014,14
DANIELE,2015,15
DANI,2016,16
CAROLYNN,2017,17
CARLYN,2018,18
BERENICE,2019,19
AYESHA,2020,20
ANNELIESE,2021,21
ALETHEA,2022,22
THERSA,2023,23
TAMIKO,2024,24
RUFINA,2025,25
OLIVA,2026,26
MOZELL,2027,27
MARYLYN,2028,28
MADISON,2029,29
KRISTIAN,2030,30
KATHYRN,2031,31
KASANDRA,2032,32
KANDACE,2033,33
JANAE,2034,34
GABRIEL,2035,35
DOMENICA,2036,36
DEBBRA,2037,37
DANNIELLE,2038,38
CHUN,2039,39
BUFFY,2040,0
BARBIE,2041,1
ARCELIA,2042,2
AJA,2043,3
ZENOBIA,2044,4
SHAREN,2045,5
SHAREE,2046,6
PATRICK,2047,7
PAGE,2048,8
MY,2049,9
LAVINIA,2050,10
KUM,2051,11
KACIE,2052,12
JACKELINE,2053,13
HUONG,2054,14
FELISA,2055,15
EMELIA,2056,16
ELEANORA,2057,17
CYTHIA,2058,18
CRISTIN,2059,19
CLYDE,2060,20
CLARIBEL,2061,21
CARON,2062,22
ANASTACIA,2063,23
ZULMA,2064,24
ZANDRA,2065,25
YOKO,2066,26
TENISHA,2067,27
SUSANN,2068,28
SHERILYN,2069,29
SHAY,2070,30
SHAWANDA,2071,31
SABINE,2072,32
ROMANA,2073,33
MATHILDA,2074,34
LINSEY,2075,35
KEIKO,2076,36
JOANA,2077,37
ISELA,2078,38
GRETTA,2079,39
GEORGETTA,2080,0
EUGENIE,2081,1
DUSTY,2082,2
DESIRAE,2083,3
DELORA,2084,4
CORAZON,2085,5
ANTONINA,2086,6
ANIKA,2087,7
WILLENE,2088,8
TRACEE,2089,9
TAMATHA,2090,10
REGAN,2091,11
NICHELLE,2092,12
MICKIE,2093,13
MAEGAN,2094,14
LUANA,2095,15
LANITA,2096,16
KELSIE,2097,17
EDELMIRA,2098,18
BREE,2099,19
AFTON,2100,20
TEODORA,2101,21
TAMIE,2102,22
SHENA,2103,23
MEG,2104,24
LINH,2105,25
KELI,2106,26
KACI,2107,27
DANYELLE,2108,28
BRITT,2109,29
ARLETTE,2110,30
ALBERTINE,2111,31
ADELLE,2112,32
TIFFINY,2113,33
STORMY,2114,34
SIMONA,2115,35
NUMBERS,2116,36
NICOLASA,2117,37
NICHOL,2118,38
NIA,2119,39
NAKISHA,2120,0
MEE,2121,1
MAIRA,2122,2
LOREEN,2123,3
KIZZY,2124,4
JOHNNY,2125,5
JAY,2126,6
FALLON,2127,7
CHRISTENE,2128,8
BOBBYE,2129,9
ANTHONY,2130,10
YING,2131,11
VINCENZA,2132,12
TANJA,2133,13
RUBIE,2134,14
RONI,2135,15
QUEENIE,2136,16
MARGARETT,2137,17
KIMBERLI,2138,18
IRMGARD,2139,19
IDELL,2140,20
HILMA,2141,21
EVELINA,2142,22
ESTA,2143,23
EMILEE,2144,24
DENNISE,2145,25
DANIA,2146,26
CARL,2147,27
CARIE,2148,28
ANTONIO,2149,29
WAI,2150,30
SANG,2151,31
RISA,2152,32
RIKKI,2153,33
PARTICIA,2154,34
MUI,2155,35
MASAKO,2156,36
MARIO,2157,37
LUVENIA,2158,38
LOREE,2159,39
LONI,2160,0
LIEN,2161,1
KEVIN,2162,2
GIGI,2163,3
FLORENCIA,2164,4
DORIAN,2165,5
DENITA,2166,6
DALLAS,2167,7
CHI,2168,8
BILLYE,2169,9
ALEXANDER,2170,10
TOMIKA,2171,11
SHARITA,2172,12
RANA,2173,13
NIKOLE,2174,14
NEOMA,2175,15
MARGARITE,2176,16
MADALYN,2177,17
LUCINA,2178,18
LAILA,2179,19
KALI,2180,20
JENETTE,2181,21
GABRIELE,2182,22
EVELYNE,2183,23
ELENORA,2184,24
CLEMENTINA,2185,25
ALEJANDRINA,2186,26
ZULEMA,2187,27
VIOLETTE,2188,28
VANNESSA,2189,29
THRESA,2190,30
RETTA,2191,31
PIA,2192,32
PATIENCE,2193,33
NOELLA,2194,34
NICKIE,2195,35
JONELL,2196,36
DELTA,2197,37
CHUNG,2198,38
CHAYA,2199,39
CAMELIA,2200,0
BETHEL,2201,1
ANYA,2202,2
ANDREW,2203,3
THANH,2204,4
SUZANN,2205,5
SPRING,2206,6
SHU,2207,7
MILA,2208,8
LILLA,2209,9
LAVERNA,2210,10
KEESHA,2211,11
KATTIE,2212,12
GIA,2213,13
GEORGENE,2214,14
EVELINE,2215,15
ESTELL,2216,16
ELIZBETH,2217,17
VIVIENNE,2218,18
VALLIE,2219,19
TRUDIE,2220,20
STEPHANE,2221,21
MICHEL,2222,22
MAGALY,2223,23
MADIE,2224,24
KENYETTA,2225,25
KARREN,2226,26
JANETTA,2227,27
HERMINE,2228,28
HARMONY,2229,29
DRUCILLA,2230,30
DEBBI,2231,31
CELESTINA,2232,32
CANDIE,2233,33
BRITNI,2234,34
BECKIE,2235,35
AMINA,2236,36
ZITA,2237,37
YUN,2238,38
YOLANDE,2239,39
VIVIEN,2240,0
VERNETTA,2241,1
TRUDI,2242,2
SOMMER,2243,3
PEARLE,2244,4
PATRINA,2245,5
OSSIE,2246,6
NICOLLE,2247,7
LOYCE,2248,8
LETTY,2249,9
LARISA,2250,10
KATHARINA,2251,11
JOSELYN,2252,12
JONELLE,2253,13
JENELL,2254,14
IESHA,2255,15
HEIDE,2256,16
FLORINDA,2257,17
FLORENTINA,2258,18
FLO,2259,19
ELODIA,2260,20
DORINE,2261,21
BRUNILDA,2262,22
BRIGID,2263,23
ASHLI,2264,24
ARDELLA,2265,25
TWANA,2266,26
THU,2267,27
TARAH,2268,28
SUNG,2269,29
SHEA,2270,30
SHAVON,2271,31
SHANE,2272,32
SERINA,2273,33
RAYNA,2274,34
RAMONITA,2275,35
NGA,2276,36
MARGURITE,2277,37
LUCRECIA,2278,38
KOURTNEY,2279,39
KATI,2280,0
JESUS,2281,1
JESENIA,2282,2
DIAMOND,2283,3
CRISTA,2284,4
AYANA,2285,5
ALICA,2286,6
ALIA,2287,7
VINNIE,2288,8
SUELLEN,2289,9
ROMELIA,2290,10
RACHELL,2291,11
PIPER,2292,12
OLYMPIA,2293,13
MICHIKO,2294,14
KATHALEEN,2295,15
JOLIE,2296,16
JESSI,2297,17
JANESSA,2298,18
HANA,2299,19
HA,2300,20
ELEASE,2301,21
CARLETTA,2302,22
BRITANY,2303,23
SHONA,2304,24
SALOME,2305,25
ROSAMOND,2306,26
REGENA,2307,27
RAINA,2308,28
NGOC,2309,29
NELIA,2310,30
LOUVENIA,2311,31
LESIA,2312,32
LATRINA,2313,33
LATICIA,2314,34
LARHONDA,2315,35
JINA,2316,36
JACKI,2317,37
HOLLIS,2318,38
HOLLEY,2319,39
EMMY,2320,0
DEEANN,2321,1
CORETTA,2322,2
ARNETTA,2323,3
VELVET,2324,4
THALIA,2325,5
SHANICE,2326,6
NETA,2327,7
MIKKI,2328,8
MICKI,2329,9
LONNA,2330,10
LEANA,2331,11
LASHUNDA,2332,12
KILEY,2333,13
JOYE,2334,14
JACQULYN,2335,15
IGNACIA,2336,16
HYUN,2337,17
HIROKO,2338,18
HENRY,2339,19
HENRIETTE,2340,20
ELAYNE,2341,21
DELINDA,2342,22
DARNELL,2343,23
DAHLIA,2344,24
COREEN,2345,25
CONSUELA,2346,26
CONCHITA,2347,27
CELINE,2348,28
BABETTE,2349,29
AYANNA,2350,30
ANETTE,2351,31
ALBERTINA,2352,32
SKYE,2353,33
SHAWNEE,2354,34
SHANEKA,2355,35
QUIANA,2356,36
PAMELIA,2357,37
MIN,2358,38
MERRI,2359,39
MERLENE,2360,0
MARGIT,2361,1
KIESHA,2362,2
KIERA,2363,3
KAYLENE,2364,4
JODEE,2365,5
JENISE,2366,6
ERLENE,2367,7
EMMIE,2368,8
ELSE,2369,9
DARYL,2370,10
DALILA,2371,11
DAISEY,2372,12
CODY,2373,13
CASIE,2374,14
BELIA,2375,15
BABARA,2376,16
VERSIE,2377,17
VANESA,2378,18
SHELBA,2379,19
SHAWNDA,2380,20
SAM,2381,21
NORMAN,2382,22
NIKIA,2383,23
NAOMA,2384,24
MARNA,2385,25
MARGERET,2386,26
MADALINE,2387,27
LAWANA,2388,28
KINDRA,2389,29
JUTTA,2390,30
JAZMINE,2391,31
JANETT,2392,32
HANNELORE,2393,33
GLENDORA,2394,34
GERTRUD,2395,35
GARNETT,2396,36
FREEDA,2397,37
FREDERICA,2398,38
FLORANCE,2399,39
FLAVIA,2400,0
DENNIS,2401,1
CARLINE,2402,2
BEVERLEE,2403,3
ANJANETTE,2404,4
VALDA,2405,5
TRINITY,2406,6
TAMALA,2407,7
STEVIE,2408,8
SHONNA,2409,9
SHA,2410,10
SARINA,2411,11
ONEIDA,2412,12
MICAH,2413,13
MERILYN,2414,14
MARLEEN,2415,15
LURLINE,2416,16
LENNA,2417,17
KATHERIN,2418,18
JIN,2419,19
JENI,2420,20
HAE,2421,21
GRACIA,2422,22
GLADY,2423,23
FARAH,2424,24
ERIC,2425,25
ENOLA,2426,26
EMA,2427,27
DOMINQUE,2428,28
DEVONA,2429,29
DELANA,2430,30
CECILA,2431,31
CAPRICE,2432,32
ALYSHA,2433,33
ALI,2434,34
ALETHIA,2435,35
VENA,2436,36
THERESIA,2437,37
TAWNY,2438,38
SONG,2439,39
SHAKIRA,2440,0
SAMARA,2441,1
SACHIKO,2442,2
RACHELE,2443,3
PAMELLA,2444,4
NICKY,2445,5
MARNI,2446,6
MARIEL,2447,7
MAREN,2448,8
MALISA,2449,9
LIGIA,2450,10
LERA,2451,11
LATORIA,2452,12
LARAE,2453,13
KIMBER,2454,14
KATHERN,2455,15
KAREY,2456,16
JENNEFER,2457,17
JANETH,2458,18
HALINA,2459,19
FREDIA,2460,20
DELISA,2461,21
DEBROAH,2462,22
CIERA,2463,23
CHIN,2464,24
ANGELIKA,2465,25
ANDREE,2466,26
ALTHA,2467,27
YEN,2468,28
VIVAN,2469,29
TERRESA,2470,30
TANNA,2471,31
SUK,2472,32
SUDIE,2473,33
SOO,2474,34
SIGNE,2475,35
SALENA,2476,36
RONNI,2477,37
REBBECCA,2478,38
MYRTIE,2479,39
MCKENZIE,2480,0
MALIKA,2481,1
MAIDA,2482,2
LOAN,2483,3
LEONARDA,2484,4
KAYLEIGH,2485,5
FRANCE,2486,6
ETHYL,2487,7
ELLYN,2488,8
DAYLE,2489,9
CAMMIE,2490,10
BRITTNI,2491,11
BIRGIT,2492,12
AVELINA,2493,13
ASUNCION,2494,14
ARIANNA,2495,15
AKIKO,2496,16
VENICE,2497,17
TYESHA,2498,18
TONIE,2499,19
TIESHA,2500,20
TAKISHA,2501,21
STEFFANIE,2502,22
SINDY,2503,23
SANTANA,2504,24
MEGHANN,2505,25
MANDA,2506,26
MACIE,2507,27
LADY,2508,28
KELLYE,2509,29
KELLEE,2510,30
JOSLYN,2511,31
JASON,2512,32
INGER,2513,33
INDIRA,2514,34
GLINDA,2515,35
GLENNIS,2516,36
FERNANDA,2517,37
FAUSTINA,2518,38
ENEIDA,2519,39
ELICIA,2520,0
DOT,2521,1
DIGNA,2522,2
DELL,2523,3
ARLETTA,2524,4
ANDRE,2525,5
WILLIA,2526,6
TAMMARA,2527,7
TABETHA,2528,8
SHERRELL,2529,9
SARI,2530,10
REFUGIO,2531,11
REBBECA,2532,12
PAULETTA,2533,13
NIEVES,2534,14
NATOSHA,2535,15
NAKITA,2536,16
MAMMIE,2537,17
KENISHA,2538,18
KAZUKO,2539,19
KASSIE,2540,20
GARY,2541,21
EARLEAN,2542,22
DAPHINE,2543,23
CORLISS,2544,24
CLOTILDE,2545,25
CAROLYNE,2546,26
BERNETTA,2547,27
AUGUSTINA,2548,28
AUDREA,2549,29
ANNIS,2550,30
ANNABELL,2551,31
YAN,2552,32
TENNILLE,2553,33
TAMICA,2554,34
SELENE,2555,35
SEAN,2556,36
ROSANA,2557,37
REGENIA,2558,38
QIANA,2559,39
MARKITA,2560,0
MACY,2561,1
LEEANNE,2562,2
LAURINE,2563,3
KYM,2564,4
JESSENIA,2565,5
JANITA,2566,6
GEORGINE,2567,7
GENIE,2568,8
EMIKO,2569,9
ELVIE,2570,10
DEANDRA,2571,11
DAGMAR,2572,12
CORIE,2573,13
COLLEN,2574,14
CHERISH,2575,15
ROMAINE,2576,16
PORSHA,2577,17
PEARLENE,2578,18
MICHELINE,2579,19
MERNA,2580,20
MARGORIE,2581,21
MARGARETTA,2582,22
LORE,2583,23
KENNETH,2584,24
JENINE,2585,25
HERMINA,2586,26
FREDERICKA,2587,27
ELKE,2588,28
DRUSILLA,2589,29
DORATHY,2590,30
DIONE,2591,31
DESIRE,2592,32
CELENA,2593,33
BRIGIDA,2594,34
ANGELES,2595,35
ALLEGRA,2596,36
THEO,2597,37
TAMEKIA,2598,38
SYNTHIA,2599,39
STEPHEN,2600,0
SOOK,2601,1
SLYVIA,2602,2
ROSANN,2603,3
REATHA,2604,4
RAYE,2605,5
MARQUETTA,2606,6
MARGART,2607,7
LING,2608,8
LAYLA,2609,9
KYMBERLY,2610,10
KIANA,2611,11
KAYLEEN,2612,12
KATLYN,2613,13
KARMEN,2614,14
JOELLA,2615,15
IRINA,2616,16
EMELDA,2617,17
ELENI,2618,18
DETRA,2619,19
CLEMMIE,2620,20
CHERYLL,2621,21
CHANTELL,2622,22
CATHEY,2623,23
ARNITA,2624,24
ARLA,2625,25
ANGLE,2626,26
ANGELIC,2627,27
ALYSE,2628,28
ZOFIA,2629,29
THOMASINE,2630,30
TENNIE,2631,31
SON,2632,32
SHERLY,2633,33
SHERLEY,2634,34
SHARYL,2635,35
REMEDIOS,2636,36
PETRINA,2637,37
NICKOLE,2638,38
MYUNG,2639,39
MYRLE,2640,0
MOZELLA,2641,1
LOUANNE,2642,2
LISHA,2643,3
LATIA,2644,4
LANE,2645,5
KRYSTA,2646,6
JULIENNE,2647,7
JOEL,2648,8
JEANENE,2649,9
JACQUALINE,2650,10
ISAURA,2651,11
GWENDA,2652,12
EARLEEN,2653,13
DONALD,2654,14
CLEOPATRA,2655,15
CARLIE,2656,16
AUDIE,2657,17
ANTONIETTA,2658,18
ALISE,2659,19
ALEX,2660,20
VERDELL,2661,21
VAL,2662,22
TYLER,2663,23
TOMOKO,2664,24
THAO,2665,25
TALISHA,2666,26
STEVEN,2667,27
SO,2668,28
SHEMIKA,2669,29
SHAUN,2670,30
SCARLET,2671,31
SAVANNA,2672,32
SANTINA,2673,33
ROSIA,2674,34
RAEANN,2675,35
ODILIA,2676,36
NANA,2677,37
MINNA,2678,38
MAGAN,2679,39
LYNELLE,2680,0
LE,2681,1
KARMA,2682,2
JOEANN,2683,3
IVANA,2684,4
INELL,2685,5
ILANA,2686,6
HYE,2687,7
HONEY,2688,8
HEE,2689,9
GUDRUN,2690,10
FRANK,2691,11
DREAMA,2692,12
CRISSY,2693,13
CHANTE,2694,14
CARMELINA,2695,15
ARVILLA,2696,16
ARTHUR,2697,17
ANNAMAE,2698,18
ALVERA,2699,19
ALEIDA,2700,20
AARON,2701,21
YEE,2702,22
YANIRA,2703,23
VANDA,2704,24
TIANNA,2705,25
TAM,2706,26
STEFANIA,2707,27
SHIRA,2708,28
PERRY,2709,29
NICOL,2710,30
NANCIE,2711,31
MONSERRATE,2712,32
MINH,2713,33
MELYNDA,2714,34
MELANY,2715,35
MATTHEW,2716,36
LOVELLA,2717,37
LAURE,2718,38
KIRBY,2719,39
KACY,2720,0
JACQUELYNN,2721,1
HYON,2722,2
GERTHA,2723,3
FRANCISCO,2724,4
ELIANA,2725,5
CHRISTENA,2726,6
CHRISTEEN,2727,7
CHARISE,2728,8
CATERINA,2729,9
CARLEY,2730,10
CANDYCE,2731,11
ARLENA,2732,12
AMMIE,2733,13
YANG,2734,14
WILLETTE,2735,15
VANITA,2736,16
TUYET,2737,17
TINY,2738,18
SYREETA,2739,19
SILVA,2740,20
SCOTT,2741,21
RONALD,2742,22
PENNEY,2743,23
NYLA,2744,24
MICHAL,2745,25
MAURICE,2746,26
MARYAM,2747,27
MARYA,2748,28
MAGEN,2749,29
LUDIE,2750,30
LOMA,2751,31
LIVIA,2752,32
LANELL,2753,33
KIMBERLIE,2754,34
JULEE,2755,35
DONETTA,2756,36
DIEDRA,2757,37
DENISHA,2758,38
DEANE,2759,39
DAWNE,2760,0
CLARINE,2761,1
CHERRYL,2762,2
BRONWYN,2763,3
BRANDON,2764,4
ALLA,2765,5
VALERY,2766,6
TONDA,2767,7
SUEANN,2768,8
SORAYA,2769,9
SHOSHANA,2770,10
SHELA,2771,11
SHARLEEN,2772,12
SHANELLE,2773,13
NERISSA,2774,14
MICHEAL,2775,15
MERIDITH,2776,16
MELLIE,2777,17
MAYE,2778,18
MAPLE,2779,19
MAGARET,2780,20
LUIS,2781,21
LILI,2782,22
LEONILA,2783,23
LEONIE,2784,24
LEEANNA,2785,25
LAVONIA,2786,26
LAVERA,2787,27
KRISTEL,2788,28
KATHEY,2789,29
KATHE,2790,30
JUSTIN,2791,31
JULIAN,2792,32
JIMMY,2793,33
JANN,2794,34
ILDA,2795,35
HILDRED,2796,36
HILDEGARDE,2797,37
GENIA,2798,38
FUMIKO,2799,39
EVELIN,2800,0
ERMELINDA,2801,1
ELLY,2802,2
DUNG,2803,3
DOLORIS,2804,4
DIONNA,2805,5
DANAE,2806,6
BERNEICE,2807,7
ANNICE,2808,8
ALIX,2809,9
VERENA,2810,10
VERDIE,2811,11
TRISTAN,2812,12
SHAWNNA,2813,13
SHAWANA,2814,14
SHAUNNA,2815,15
ROZELLA,2816,16
RANDEE,2817,17
RANAE,2818,18
MILAGRO,2819,19
LYNELL,2820,20
LUISE,2821,21
LOUIE,2822,22
LOIDA,2823,23
LISBETH,2824,24
KARLEEN,2825,25
JUNITA,2826,26
JONA,2827,27
ISIS,2828,28
HYACINTH,2829,29
HEDY,2830,30
GWENN,2831,31
ETHELENE,2832,32
ERLINE,2833,33
EDWARD,2834,34
DONYA,2835,35
DOMONIQUE,2836,36
DELICIA,2837,37
DANNETTE,2838,38
CICELY,2839,39
BRANDA,2840,0
BLYTHE,2841,1
BETHANN,2842,2
ASHLYN,2843,3
ANNALEE,2844,4
ALLINE,2845,5
YUKO,2846,6
VELLA,2847,7
TRANG,2848,8
TOWANDA,2849,9
TESHA,2850,10
SHERLYN,2851,11
NARCISA,2852,12
MIGUELINA,2853,13
MERI,2854,14
MAYBELL,2855,15
MARLANA,2856,16
MARGUERITA,2857,17
MADLYN,2858,18
LUNA,2859,19
LORY,2860,20
LORIANN,2861,21
LIBERTY,2862,22
LEONORE,2863,23
LEIGHANN,2864,24
LAURICE,2865,25
LATESHA,2866,26
LARONDA,2867,27
KATRICE,2868,28
KASIE,2869,29
KARL,2870,30
KALEY,2871,31
JADWIGA,2872,32
GLENNIE,2873,33
GEARLDINE,2874,34
FRANCINA,2875,35
EPIFANIA,2876,36
DYAN,2877,37
DORIE,2878,38
DIEDRE,2879,39
DENESE,2880,0
DEMETRICE,2881,1
DELENA,2882,2
DARBY,2883,3
CRISTIE,2884,4
CLEORA,2885,5
CATARINA,2886,6
CARISA,2887,7
BERNIE,2888,8
BARBERA,2889,9
ALMETA,2890,10
TRULA,2891,11
TEREASA,2892,12
SOLANGE,2893,13
SHEILAH,2894,14
SHAVONNE,2895,15
SANORA,2896,16
ROCHELL,2897,17
MATHILDE,2898,18
MARGARETA,2899,19
MAIA,2900,20
LYNSEY,2901,21
LAWANNA,2902,22
LAUNA,2903,23
KENA,2904,24
KEENA,2905,25
KATIA,2906,26
JAMEY,2907,27
GLYNDA,2908,28
GAYLENE,2909,29
ELVINA,2910,30
ELANOR,2911,31
DANUTA,2912,32
DANIKA,2913,33
CRISTEN,2914,34
CORDIE,2915,35
COLETTA,2916,36
CLARITA,2917,37
CARMON,2918,38
BRYNN,2919,39
AZUCENA,2920,0
AUNDREA,2921,1
ANGELE,2922,2
YI,2923,3
WALTER,2924,4
VERLIE,2925,5
VERLENE,2926,6
TAMESHA,2927,7
SILVANA,2928,8
SEBRINA,2929,9
SAMIRA,2930,10
REDA,2931,11
RAYLENE,2932,12
PENNI,2933,13
PANDORA,2934,14
NORAH,2935,15
NOMA,2936,16
MIREILLE,2937,17
MELISSIA,2938,18
MARYALICE,2939,19
LARAINE,2940,20
KIMBERY,2941,21
KARYL,2942,22
KARINE,2943,23
KAM,2944,24
JOLANDA,2945,25
JOHANA,2946,26
JESUSA,2947,27
JALEESA,2948,28
JAE,2949,29
JACQUELYNE,2950,30
IRISH,2951,31
ILUMINADA,2952,32
HILARIA,2953,33
HANH,2954,34
GENNIE,2955,35
FRANCIE,2956,36
FLORETTA,2957,37
EXIE,2958,38
EDDA,2959,39
DREMA,2960,0
DELPHA,2961,1
BEV,2962,2
BARBAR,2963,3
ASSUNTA,2964,4
ARDELL,2965,5
ANNALISA,2966,6
ALISIA,2967,7
YUKIKO,2968,8
YOLANDO,2969,9
WONDA,2970,10
WEI,2971,11
WALTRAUD,2972,12
VETA,2973,13
TEQUILA,2974,14
TEMEKA,2975,15
TAMEIKA,2976,16
SHIRLEEN,2977,17
SHENITA,2978,18
PIEDAD,2979,19
OZELLA,2980,20
MIRTHA,2981,21
MARILU,2982,22
KIMIKO,2983,23
JULIANE,2984,24
JENICE,2985,25
JEN,2986,26
JANAY,2987,27
JACQUILINE,2988,28
HILDE,2989,29
FE,2990,30
FAE,2991,31
EVAN,2992,32
EUGENE,2993,33
ELOIS,2994,34
ECHO,2995,35
DEVORAH,2996,36
CHAU,2997,37
BRINDA,2998,38
BETSEY,2999,39
ARMINDA,3000,0
ARACELIS,3001,1
APRYL,3002,2
ANNETT,3003,3
ALISHIA,3004,4
VEOLA,3005,5
USHA,3006,6
TOSHIKO,3007,7
THEOLA,3008,8
TASHIA,3009,9
TALITHA,3010,10
SHERY,3011,11
RUDY,3012,12
RENETTA,3013,13
REIKO,3014,14
RASHEEDA,3015,15
OMEGA,3016,16
OBDULIA,3017,17
MIKA,3018,18
MELAINE,3019,19
MEGGAN,3020,20
MARTIN,3021,21
MARLEN,3022,22
MARGET,3023,23
MARCELINE,3024,24
MANA,3025,25
MAGDALEN,3026,26
LIBRADA,3027,27
LEZLIE,3028,28
LEXIE,3029,29
LATASHIA,3030,30
LASANDRA,3031,31
KELLE,3032,32
ISIDRA,3033,33
ISA,3034,34
INOCENCIA,3035,35
GWYN,3036,36
FRANCOISE,3037,37
ERMINIA,3038,38
ERINN,3039,39
DIMPLE,3040,0
DEVORA,3041,1
CRISELDA,3042,2
ARMANDA,3043,3
ARIE,3044,4
ARIANE,3045,5
ANGELO,3046,6
ANGELENA,3047,7
ALLEN,3048,8
ALIZA,3049,9
ADRIENE,3050,10
ADALINE,3051,11
XOCHITL,3052,12
TWANNA,3053,13
TRAN,3054,14
TOMIKO,3055,15
TAMISHA,3056,16
TAISHA,3057,17
SUSY,3058,18
SIU,3059,19
RUTHA,3060,20
ROXY,3061,21
RHONA,3062,22
RAYMOND,3063,23
OTHA,3064,24
NORIKO,3065,25
NATASHIA,3066,26
MERRIE,3067,27
MELVIN,3068,28
MARINDA,3069,29
MARIKO,3070,30
MARGERT,3071,31
LORIS,3072,32
LIZZETTE,3073,33
LEISHA,3074,34
KAILA,3075,35
KA,3076,36
JOANNIE,3077,37
JERRICA,3078,38
JENE,3079,39
JANNET,3080,0
JANEE,3081,1
JACINDA,3082,2
HERTA,3083,3
ELENORE,3084,4
DORETTA,3085,5
DELAINE,3086,6
DANIELL,3087,7
CLAUDIE,3088,8
CHINA,3089,9
BRITTA,3090,10
APOLONIA,3091,11
AMBERLY,3092,12
ALEASE,3093,13
YURI,3094,14
YUK,3095,15
WEN,3096,16
WANETA,3097,17
UTE,3098,18
TOMI,3099,19
SHARRI,3100,20
SANDIE,3101,21
ROSELLE,3102,22
REYNALDA,3103,23
RAGUEL,3104,24
PHYLICIA,3105,25
PATRIA,3106,26
OLIMPIA,3107,27
ODELIA,3108,28
MITZIE,3109,29
MITCHELL,3110,30
MISS,3111,31
MINDA,3112,32
MIGNON,3113,33
MICA,3114,34
MENDY,3115,35
MARIVEL,3116,36
MAILE,3117,37
LYNETTA,3118,38
LAVETTE,3119,39
LAURYN,3120,0
LATRISHA,3121,1
LAKIESHA,3122,2
KIERSTEN,3123,3
KARY,3124,4
JOSPHINE,3125,5
JOLYN,3126,6
JETTA,3127,7
JANISE,3128,8
JACQUIE,3129,9
IVELISSE,3130,10
GLYNIS,3131,11
GIANNA,3132,12
GAYNELLE,3133,13
EMERALD,3134,14
DEMETRIUS,3135,15
DANYELL,3136,16
DANILLE,3137,17
DACIA,3138,18
CORALEE,3139,19
CHER,3140,20
CEOLA,3141,21
BRETT,3142,22
BELL,3143,23
ARIANNE,3144,24
ALESHIA,3145,25
YUNG,3146,26
WILLIEMAE,3147,27
TROY,3148,28
TRINH,3149,29
THORA,3150,30
TAI,3151,31
SVETLANA,3152,32
SHERIKA,3153,33
SHEMEKA,3154,34
SHAUNDA,3155,35
ROSELINE,3156,36
RICKI,3157,37
MELDA,3158,38
MALLIE,3159,39
LAVONNA,3160,0
LATINA,3161,1
LARRY,3162,2
LAQUANDA,3163,3
LALA,3164,4
LACHELLE,3165,5
KLARA,3166,6
KANDIS,3167,7
JOHNA,3168,8
JEANMARIE,3169,9
JAYE,3170,10
HANG,3171,11
GRAYCE,3172,12
GERTUDE,3173,13
EMERITA,3174,14
EBONIE,3175,15
CLORINDA,3176,16
CHING,3177,17
CHERY,3178,18
CAROLA,3179,19
BREANN,3180,20
BLOSSOM,3181,21
BERNARDINE,3182,22
BECKI,3183,23
ARLETHA,3184,24
ARGELIA,3185,25
ARA,3186,26
ALITA,3187,27
YULANDA,3188,28
YON,3189,29
YESSENIA,3190,30
TOBI,3191,31
TASIA,3192,32
SYLVIE,3193,33
SHIRL,3194,34
SHIRELY,3195,35
SHERIDAN,3196,36
SHELLA,3197,37
SHANTELLE,3198,38
SACHA,3199,39
ROYCE,3200,0
REBECKA,3201,1
REAGAN,3202,2
PROVIDENCIA,3203,3
PAULENE,3204,4
MISHA,3205,5
MIKI,3206,6
MARLINE,3207,7
MARICA,3208,8
LORITA,3209,9
LATOYIA,3210,10
LASONYA,3211,11
KERSTIN,3212,12
KENDA,3213,13
KEITHA,3214,14
KATHRIN,3215,15
JAYMIE,3216,16
JACK,3217,17
GRICELDA,3218,18
GINETTE,3219,19
ERYN,3220,20
ELINA,3221,21
ELFRIEDA,3222,22
DANYEL,3223,23
CHEREE,3224,24
CHANELLE,3225,25
BARRIE,3226,26
AVERY,3227,27
AURORE,3228,28
ANNAMARIA,3229,29
ALLEEN,3230,30
AILENE,3231,31
AIDE,3232,32
YASMINE,3233,33
VASHTI,3234,34
VALENTINE,3235,35
TREASA,3236,36
TORY,3237,37
TIFFANEY,3238,38
SHERYLL,3239,39
SHARIE,3240,0
SHANAE,3241,1
SAU,3242,2
RAISA,3243,3
PA,3244,4
NEDA,3245,5
MITSUKO,3246,6
MIRELLA,3247,7
MILDA,3248,8
MARYANNA,3249,9
MARAGRET,3250,10
MABELLE,3251,11
LUETTA,3252,12
LORINA,3253,13
LETISHA,3254,14
LATARSHA,3255,15
LANELLE,3256,16
LAJUANA,3257,17
KRISSY,3258,18
KARLY,3259,19
KARENA,3260,20
JON,3261,21
JESSIKA,3262,22
JERICA,3263,23
JEANELLE,3264,24
JANUARY,3265,25
JALISA,3266,26
JACELYN,3267,27
IZOLA,3268,28
IVEY,3269,29
GREGORY,3270,30
EUNA,3271,31
ETHA,3272,32
DREW,3273,33
DOMITILA,3274,34
DOMINICA,3275,35
DAINA,3276,36
CREOLA,3277,37
CARLI,3278,38
CAMIE,3279,39
BUNNY,3280,0
BRITTNY,3281,1
ASHANTI,3282,2
ANISHA,3283,3
ALEEN,3284,4
ADAH,3285,5
YASUKO,3286,6
WINTER,3287,7
VIKI,3288,8
VALRIE,3289,9
TONA,3290,10
TINISHA,3291,11
THI,3292,12
TERISA,3293,13
TATUM,3294,14
TANEKA,3295,15
SIMONNE,3296,16
SHALANDA,3297,17
SERITA,3298,18
RESSIE,3299,19
REFUGIA,3300,20
PAZ,3301,21
OLENE,3302,22
NA,3303,23
MERRILL,3304,24
MARGHERITA,3305,25
MANDIE,3306,26
MAN,3307,27
MAIRE,3308,28
LYNDIA,3309,29
LUCI,3310,30
LORRIANE,3311,31
LORETA,3312,32
LEONIA,3313,33
LAVONA,3314,34
LASHAWNDA,3315,35
LAKIA,3316,36
KYOKO,3317,37
KRYSTINA,3318,38
KRYSTEN,3319,39
KENIA,3320,0
KELSI,3321,1
JUDE,3322,2
JEANICE,3323,3
ISOBEL,3324,4
GEORGIANN,3325,5
GENNY,3326,6
FELICIDAD,3327,7
EILENE,3328,8
DEON,3329,9
DELOISE,3330,10
DEEDEE,3331,11
DANNIE,3332,12
CONCEPTION,3333,13
CLORA,3334,14
CHERILYN,3335,15
CHANG,3336,16
CALANDRA,3337,17
BERRY,3338,18
ARMANDINA,3339,19
ANISA,3340,20
ULA,3341,21
TIMOTHY,3342,22
TIERA,3343,23
THERESSA,3344,24
STEPHANIA,3345,25
SIMA,3346,26
SHYLA,3347,27
SHONTA,3348,28
SHERA,3349,29
SHAQUITA,3350,30
SHALA,3351,31
SAMMY,3352,32
ROSSANA,3353,33
NOHEMI,3354,34
NERY,3355,35
MORIAH,3356,36
MELITA,3357,37
MELIDA,3358,38
MELANI,3359,39
MARYLYNN,3360,0
MARISHA,3361,1
MARIETTE,3362,2
MALORIE,3363,3
MADELENE,3364,4
LUDIVINA,3365,5
LORIA,3366,6
LORETTE,3367,7
LORALEE,3368,8
LIANNE,3369,9
LEON,3370,10
LAVENIA,3371,11
LAURINDA,3372,12
LASHON,3373,13
KIT,3374,14
KIMI,3375,15
KEILA,3376,16
KATELYNN,3377,17
KAI,3378,18
JONE,3379,19
JOANE,3380,20
JI,3381,21
JAYNA,3382,22
JANELLA,3383,23
JA,3384,24
HUE,3385,25
HERTHA,3386,26
FRANCENE,3387,27
ELINORE,3388,28
DESPINA,3389,29
DELSIE,3390,30
DEEDRA,3391,31
CLEMENCIA,3392,32
CARRY,3393,33
CAROLIN,3394,34
CARLOS,3395,35
BULAH,3396,36
BRITTANIE,3397,37
BOK,3398,38
BLONDELL,3399,39
BIBI,3400,0
BEAULAH,3401,1
BEATA,3402,2
ANNITA,3403,3
AGRIPINA,3404,4
VIRGEN,3405,5
VALENE,3406,6
UN,3407,7
TWANDA,3408,8
TOMMYE,3409,9
TOI,3410,10
TARRA,3411,11
TARI,3412,12
TAMMERA,3413,13
SHAKIA,3414,14
SADYE,3415,15
RUTHANNE,3416,16
ROCHEL,3417,17
RIVKA,3418,18
PURA,3419,19
NENITA,3420,20
NATISHA,3421,21
MING,3422,22
MERRILEE,3423,23
MELODEE,3424,24
MARVIS,3425,25
LUCILLA,3426,26
LEENA,3427,27
LAVETA,3428,28
LARITA,3429,29
LANIE,3430,30
KEREN,3431,31
ILEEN,3432,32
GEORGEANN,3433,33
GENNA,3434,34
GENESIS,3435,35
FRIDA,3436,36
EWA,3437,37
EUFEMIA,3438,38
EMELY,3439,39
ELA,3440,0
EDYTH,3441,1
DEONNA,3442,2
DEADRA,3443,3
DARLENA,3444,4
CHANELL,3445,5
CHAN,3446,6
CATHERN,3447,7
CASSONDRA,3448,8
CASSAUNDRA,3449,9
BERNARDA,3450,10
BERNA,3451,11
ARLINDA,3452,12
ANAMARIA,3453,13
ALBERT,3454,14
WESLEY,3455,15
VERTIE,3456,16
VALERI,3457,17
TORRI,3458,18
TATYANA,3459,19
STASIA,3460,20
SHERISE,3461,21
SHERILL,3462,22
SEASON,3463,23
SCOTTIE,3464,24
SANDA,3465,25
RUTHE,3466,26
ROSY,3467,27
ROBERTO,3468,28
ROBBI,3469,29
RANEE,3470,30
QUYEN,3471,31
PEARLY,3472,32
PALMIRA,3473,33
ONITA,3474,34
NISHA,3475,35
NIESHA,3476,36
NIDA,3477,37
NEVADA,3478,38
NAM,3479,39
MERLYN,3480,0
MAYOLA,3481,1
MARYLOUISE,3482,2
MARYLAND,3483,3
MARX,3484,4
MARTH,3485,5
MARGENE,3486,6
MADELAINE,3487,7
LONDA,3488,8
LEONTINE,3489,9
LEOMA,3490,10
LEIA,3491,11
LAWRENCE,3492,12
LAURALEE,3493,13
LANORA,3494,14
LAKITA,3495,15
KIYOKO,3496,16
KETURAH,3497,17
KATELIN,3498,18
KAREEN,3499,19
JONIE,3500,20
JOHNETTE,3501,21
JENEE,3502,22
JEANETT,3503,23
IZETTA,3504,24
HIEDI,3505,25
HEIKE,3506,26
HASSIE,3507,27
HAROLD,3508,28
GIUSEPPINA,3509,29
GEORGANN,3510,30
FIDELA,3511,31
FERNANDE,3512,32
ELWANDA,3513,33
ELLAMAE,3514,34
ELIZ,3515,35
DUSTI,3516,36
DOTTY,3517,37
CYNDY,3518,38
CORALIE,3519,39
CELESTA,3520,0
ARGENTINA,3521,1
ALVERTA,3522,2
XENIA,3523,3
WAVA,3524,4
VANETTA,3525,5
TORRIE,3526,6
TASHINA,3527,7
TANDY,3528,8
TAMBRA,3529,9
TAMA,3530,10
STEPANIE,3531,11
SHILA,3532,12
SHAUNTA,3533,13
SHARAN,3534,14
SHANIQUA,3535,15
SHAE,3536,16
SETSUKO,3537,17
SERAFINA,3538,18
SANDEE,3539,19
ROSAMARIA,3540,20
PRISCILA,3541,21
OLINDA,3542,22
NADENE,3543,23
MUOI,3544,24
MICHELINA,3545,25
MERCEDEZ,3546,26
MARYROSE,3547,27
MARIN,3548,28
MARCENE,3549,29
MAO,3550,30
MAGALI,3551,31
MAFALDA,3552,32
LOGAN,3553,33
LINN,3554,34
LANNIE,3555,35
KAYCE,3556,36
KAROLINE,3557,37
KAMILAH,3558,38
KAMALA,3559,39
JUSTA,3560,0
JOLINE,3561,1
JENNINE,3562,2
JACQUETTA,3563,3
IRAIDA,3564,4
GERALD,3565,5
GEORGEANNA,3566,6
FRANCHESCA,3567,7
FAIRY,3568,8
EMELINE,3569,9
ELANE,3570,10
EHTEL,3571,11
EARLIE,3572,12
DULCIE,3573,13
DALENE,3574,14
CRIS,3575,15
CLASSIE,3576,16
CHERE,3577,17
CHARIS,3578,18
CAROYLN,3579,19
CARMINA,3580,20
CARITA,3581,21
BRIAN,3582,22
BETHANIE,3583,23
AYAKO,3584,24
ARICA,3585,25
AN,3586,26
ALYSA,3587,27
ALESSANDRA,3588,28
AKILAH,3589,29
ADRIEN,3590,30
ZETTA,3591,31
YOULANDA,3592,32
YELENA,3593,33
YAHAIRA,3594,34
XUAN,3595,35
WENDOLYN,3596,36
VICTOR,3597,37
TIJUANA,3598,38
TERRELL,3599,39
TERINA,3600,0
TERESIA,3601,1
SUZI,3602,2
SUNDAY,3603,3
SHERELL,3604,4
SHAVONDA,3605,5
SHAUNTE,3606,6
SHARDA,3607,7
SHAKITA,3608,8
SENA,3609,9
RYANN,3610,10
RUBI,3611,11
RIVA,3612,12
REGINIA,3613,13
REA,3614,14
RACHAL,3615,15
PARTHENIA,3616,16
PAMULA,3617,17
MONNIE,3618,18
MONET,3619,19
MICHAELE,3620,20
MELIA,3621,21
MARINE,3622,22
MALKA,3623,23
MAISHA,3624,24
LISANDRA,3625,25
LEO,3626,26
LEKISHA,3627,27
LEAN,3628,28
LAURENCE,3629,29
LAKENDRA,3630,30
KRYSTIN,3631,31
KORTNEY,3632,32
KIZZIE,3633,33
KITTIE,3634,34
KERA,3635,35
KENDAL,3636,36
KEMBERLY,3637,37
KANISHA,3638,38
JULENE,3639,39
JULE,3640,0
JOSHUA,3641,1
JOHANNE,3642,2
JEFFREY,3643,3
JAMEE,3644,4
HAN,3645,5
HALLEY,3646,6
GIDGET,3647,7
GALINA,3648,8
FREDRICKA,3649,9
FLETA,3650,10
FATIMAH,3651,11
EUSEBIA,3652,12
ELZA,3653,13
ELEONORE,3654,14
DORTHEY,3655,15
DORIA,3656,16
DONELLA,3657,17
DINORAH,3658,18
DELORSE,3659,19
CLARETHA,3660,20
CHRISTINIA,3661,21
CHARLYN,3662,22
BONG,3663,23
BELKIS,3664,24
AZZIE,3665,25
ANDERA,3666,26
AIKO,3667,27
ADENA,3668,28
YER,3669,29
YAJAIRA,3670,30
WAN,3671,31
VANIA,3672,32
ULRIKE,3673,33
TOSHIA,3674,34
TIFANY,3675,35
STEFANY,3676,36
SHIZUE,3677,37
SHENIKA,3678,38
SHAWANNA,3679,39
SHAROLYN,3680,0
SHARILYN,3681,1
SHAQUANA,3682,2
SHANTAY,3683,3
SEE,3684,4
ROZANNE,3685,5
ROSELEE,3686,6
RICKIE,3687,7
REMONA,3688,8
REANNA,3689,9
RAELENE,3690,10
QUINN,3691,11
PHUNG,3692,12
PETRONILA,3693,13
NATACHA,3694,14
NANCEY,3695,15
MYRL,3696,16
MIYOKO,3697,17
MIESHA,3698,18
MERIDETH,3699,19
MARVELLA,3700,20
MARQUITTA,3701,21
MARHTA,3702,22
MARCHELLE,3703,23
LIZETH,3704,24
LIBBIE,3705,25
LAHOMA,3706,26
LADAWN,3707,27
KINA,3708,28
KATHELEEN,3709,29
KATHARYN,3710,30
KARISA,3711,31
KALEIGH,3712,32
JUNIE,3713,33
JULIEANN,3714,34
JOHNSIE,3715,35
JANEAN,3716,36
JAIMEE,3717,37
JACKQUELINE,3718,38
HISAKO,3719,39
HERMA,3720,0
HELAINE,3721,1
GWYNETH,3722,2
GLENN,3723,3
GITA,3724,4
EUSTOLIA,3725,5
EMELINA,3726,6
ELIN,3727,7
EDRIS,3728,8
DONNETTE,3729,9
DONNETTA,3730,10
DIERDRE,3731,11
DENAE,3732,12
DARCEL,3733,13
CLAUDE,3734,14
CLARISA,3735,15
CINDERELLA,3736,16
CHIA,3737,17
CHARLESETTA,3738,18
CHARITA,3739,19
CELSA,3740,20
CASSY,3741,21
CASSI,3742,22
CARLEE,3743,23
BRUNA,3744,24
BRITTANEY,3745,25
BRANDE,3746,26
BILLI,3747,27
BAO,3748,28
ANTONETTA,3749,29
ANGLA,3750,30
ANGELYN,3751,31
ANALISA,3752,32
ALANE,3753,33
WENONA,3754,34
WENDIE,3755,35
VERONIQUE,3756,36
VANNESA,3757,37
TOBIE,3758,38
TEMPIE,3759,39
SUMIKO,3760,0
SULEMA,3761,1
SPARKLE,3762,2
SOMER,3763,3
SHEBA,3764,4
SHAYNE,3765,5
SHARICE,3766,6
SHANEL,3767,7
SHALON,3768,8
SAGE,3769,9
ROY,3770,10
ROSIO,3771,11
ROSELIA,3772,12
RENAY,3773,13
REMA,3774,14
REENA,3775,15
PORSCHE,3776,16
PING,3777,17
PEG,3778,18
OZIE,3779,19
ORETHA,3780,20
ORALEE,3781,21
ODA,3782,22
NU,3783,23
NGAN,3784,24
NAKESHA,3785,25
MILLY,3786,26
MARYBELLE,3787,27
MARLIN,3788,28
MARIS,3789,29
MARGRETT,3790,30
MARAGARET,3791,31
MANIE,3792,32
LURLENE,3793,33
LILLIA,3794,34
LIESELOTTE,3795,35
LAVELLE,3796,36
LASHAUNDA,3797,37
LAKEESHA,3798,38
KEITH,3799,39
KAYCEE,3800,0
KALYN,3801,1
JOYA,3802,2
JOETTE,3803,3
JENAE,3804,4
JANIECE,3805,5
ILLA,3806,6
GRISEL,3807,7
GLAYDS,3808,8
GENEVIE,3809,9
GALA,3810,10
FREDDA,3811,11
FRED,3812,12
ELMER,3813,13
ELEONOR,3814,14
DEBERA,3815,15
DEANDREA,3816,16
DAN,3817,17
CORRINNE,3818,18
CORDIA,3819,19
CONTESSA,3820,20
COLENE,3821,21
CLEOTILDE,3822,22
CHARLOTT,3823,23
CHANTAY,3824,24
CECILLE,3825,25
BEATRIS,3826,26
AZALEE,3827,27
ARLEAN,3828,28
ARDATH,3829,29
ANJELICA,3830,30
ANJA,3831,31
ALFREDIA,3832,32
ALEISHA,3833,33
ADAM,3834,34
ZADA,3835,35
YUONNE,3836,36
XIAO,3837,37
WILLODEAN,3838,38
WHITLEY,3839,39
VENNIE,3840,0
VANNA,3841,1
TYISHA,3842,2
TOVA,3843,3
TORIE,3844,4
TONISHA,3845,5
TILDA,3846,6
TIEN,3847,7
TEMPLE,3848,8
SIRENA,3849,9
SHERRIL,3850,10
SHANTI,3851,11
SHAN,3852,12
SENAIDA,3853,13
SAMELLA,3854,14
ROBBYN,3855,15
RENDA,3856,16
REITA,3857,17
PHEBE,3858,18
PAULITA,3859,19
NOBUKO,3860,20
NGUYET,3861,21
NEOMI,3862,22
MOON,3863,23
MIKAELA,3864,24
MELANIA,3865,25
MAXIMINA,3866,26
MARG,3867,27
MAISIE,3868,28
LYNNA,3869,29
LILLI,3870,30
LAYNE,3871,31
LASHAUN,3872,32
LAKENYA,3873,33
LAEL,3874,34
KIRSTIE,3875,35
KATHLINE,3876,36
KASHA,3877,37
KARLYN,3878,38
KARIMA,3879,39
JOVAN,3880,0
JOSEFINE,3881,1
JENNELL,3882,2
JACQUI,3883,3
JACKELYN,3884,4
HYO,3885,5
HIEN,3886,6
GRAZYNA,3887,7
FLORRIE,3888,8
FLORIA,3889,9
ELEONORA,3890,10
DWANA,3891,11
DORLA,3892,12
DONG,3893,13
DELMY,3894,14
DEJA,3895,15
DEDE,3896,16
DANN,3897,17
CRYSTA,3898,18
CLELIA,3899,19
CLARIS,3900,20
CLARENCE,3901,21
CHIEKO,3902,22
CHERLYN,3903,23
CHERELLE,3904,24
CHARMAIN,3905,25
CHARA,3906,26
CAMMY,3907,27
BEE,3908,28
ARNETTE,3909,29
ARDELLE,3910,30
ANNIKA,3911,31
AMIEE,3912,32
AMEE,3913,33
ALLENA,3914,34
YVONE,3915,35
YUKI,3916,36
YOSHIE,3917,37
YEVETTE,3918,38
YAEL,3919,39
WILLETTA,3920,0
VONCILE,3921,1
VENETTA,3922,2
TULA,3923,3
TONETTE,3924,4
TIMIKA,3925,5
TEMIKA,3926,6
TELMA,3927,7
TEISHA,3928,8
TAREN,3929,9
TA,3930,10
STACEE,3931,11
SHIN,3932,12
SHAWNTA,3933,13
SATURNINA,3934,14
RICARDA,3935,15
POK,3936,16
PASTY,3937,17
ONIE,3938,18
NUBIA,3939,19
MORA,3940,20
MIKE,3941,21
MARIELLE,3942,22
MARIELLA,3943,23
MARIANELA,3944,24
MARDELL,3945,25
MANY,3946,26
LUANNA,3947,27
LOISE,3948,28
LISABETH,3949,29
LINDSY,3950,30
LILLIANA,3951,31
LILLIAM,3952,32
LELAH,3953,33
LEIGHA,3954,34
LEANORA,3955,35
LANG,3956,36
KRISTEEN,3957,37
KHALILAH,3958,38
KEELEY,3959,39
KANDRA,3960,0
JUNKO,3961,1
JOAQUINA,3962,2
JERLENE,3963,3
JANI,3964,4
JAMIKA,3965,5
JAME,3966,6
HSIU,3967,7
HERMILA,3968,8
GOLDEN,3969,9
GENEVIVE,3970,10
EVIA,3971,11
EUGENA,3972,12
EMMALINE,3973,13
ELFREDA,3974,14
ELENE,3975,15
DONETTE,3976,16
DELCIE,3977,17
DEEANNA,3978,18
DARCEY,3979,19
CUC,3980,20
CLARINDA,3981,21
CIRA,3982,22
CHAE,3983,23
CELINDA,3984,24
CATHERYN,3985,25
CATHERIN,3986,26
CASIMIRA,3987,27
CARMELIA,3988,28
CAMELLIA,3989,29
BREANA,3990,30
BOBETTE,3991,31
BERNARDINA,3992,32
BEBE,3993,33
BASILIA,3994,34
ARLYNE,3995,35
AMAL,3996,36
ALAYNA,3997,37
ZONIA,3998,38
ZENIA,3999,39
YURIKO,4000,0
YAEKO,4001,1
WYNELL,4002,2
WILLOW,4003,3
WILLENA,4004,4
VERNIA,4005,5
TU,4006,6
TRAVIS,4007,7
TORA,4008,8
TERRILYN,4009,9
TERICA,4010,10
TENESHA,4011,11
TAWNA,4012,12
TAJUANA,4013,13
TAINA,4014,14
STEPHNIE,4015,15
SONA,4016,16
SOL,4017,17
SINA,4018,18
SHONDRA,4019,19
SHIZUKO,4020,20
SHERLENE,4021,21
SHERICE,4022,22
SHARIKA,4023,23
ROSSIE,4024,24
ROSENA,4025,25
RORY,4026,26
RIMA,4027,27
RIA,4028,28
RHEBA,4029,29
RENNA,4030,30
PETER,4031,31
NATALYA,4032,32
NANCEE,4033,33
MELODI,4034,34
MEDA,4035,35
MAXIMA,4036,36
MATHA,4037,37
MARKETTA,4038,38
MARICRUZ,4039,39
MARCELENE,4040,0
MALVINA,4041,1
LUBA,4042,2
LOUETTA,4043,3
LEIDA,4044,4
LECIA,4045,5
LAURAN,4046,6
LASHAWNA,4047,7
LAINE,4048,8
KHADIJAH,4049,9
KATERINE,4050,10
KASI,4051,11
KALLIE,4052,12
JULIETTA,4053,13
JESUSITA,4054,14
JESTINE,4055,15
JESSIA,4056,16
JEREMY,4057,17
JEFFIE,4058,18
JANYCE,4059,19
ISADORA,4060,20
GEORGIANNE,4061,21
FIDELIA,4062,22
EVITA,4063,23
EURA,4064,24
EULAH,4065,25
ESTEFANA,4066,26
ELSY,4067,27
ELIZABET,4068,28
ELADIA,4069,29
DODIE,4070,30
DION,4071,31
DIA,4072,32
DENISSE,4073,33
DELORAS,4074,34
DELILA,4075,35
DAYSI,4076,36
DAKOTA,4077,37
CURTIS,4078,38
CRYSTLE,4079,39
CONCHA,4080,0
COLBY,4081,1
CLARETTA,4082,2
CHU,4083,3
CHRISTIA,4084,4
CHARLSIE,4085,5
CHARLENA,4086,6
CARYLON,4087,7
BETTYANN,4088,8
ASLEY,4089,9
ASHLEA,4090,10
AMIRA,4091,11
AI,4092,12
AGUEDA,4093,13
AGNUS,4094,14
YUETTE,4095,15
VINITA,4096,16
VICTORINA,4097,17
TYNISHA,4098,18
TREENA,4099,19
TOCCARA,4100,20
TISH,4101,21
THOMASENA,4102,22
TEGAN,4103,23
SOILA,4104,24
SHILOH,4105,25
SHENNA,4106,26
SHARMAINE,4107,27
SHANTAE,4108,28
SHANDI,4109,29
SEPTEMBER,4110,30
SARAN,4111,31
SARAI,4112,32
SANA,4113,33
SAMUEL,4114,34
SALLEY,4115,35
ROSETTE,4116,36
ROLANDE,4117,37
REGINE,4118,38
OTELIA,4119,39
OSCAR,4120,0
OLEVIA,4121,1
NICHOLLE,4122,2
NECOLE,4123,3
NAIDA,4124,4
MYRTA,4125,5
MYESHA,4126,6
MITSUE,4127,7
MINTA,4128,8
MERTIE,4129,9
MARGY,4130,10
MAHALIA,4131,11
MADALENE,4132,12
LOVE,4133,13
LOURA,4134,14
LOREAN,4135,15
LEWIS,4136,16
LESHA,4137,17
LEONIDA,4138,18
LENITA,4139,19
LAVONE,4140,20
LASHELL,4141,21
LASHANDRA,4142,22
LAMONICA,4143,23
KIMBRA,4144,24
KATHERINA,4145,25
KARRY,4146,26
KANESHA,4147,27
JULIO,4148,28
JONG,4149,29
JENEVA,4150,30
JAQUELYN,4151,31
HWA,4152,32
GILMA,4153,33
GHISLAINE,4154,34
GERTRUDIS,4155,35
FRANSISCA,4156,36
FERMINA,4157,37
ETTIE,4158,38
ETSUKO,4159,39
ELLIS,4160,0
ELLAN,4161,1
ELIDIA,4162,2
EDRA,4163,3
DORETHEA,4164,4
DOREATHA,4165,5
DENYSE,4166,6
DENNY,4167,7
DEETTA,4168,8
DAINE,4169,9
CYRSTAL,4170,10
CORRIN,4171,11
CAYLA,4172,12
CARLITA,4173,13
CAMILA,4174,14
BURMA,4175,15
BULA,4176,16
BUENA,4177,17
BLAKE,4178,18
BARABARA,4179,19
AVRIL,4180,20
AUSTIN,4181,21
ALAINE,4182,22
ZANA,4183,23
WILHEMINA,4184,24
WANETTA,4185,25
VIRGIL,4186,26
VI,4187,27
VERONIKA,4188,28
VERNON,4189,29
VERLINE,4190,30
VASILIKI,4191,31
TONITA,4192,32
TISA,4193,33
TEOFILA,4194,34
TAYNA,4195,35
TAUNYA,4196,36
TANDRA,4197,37
TAKAKO,4198,38
SUNNI,4199,39
SUANNE,4200,0
SIXTA,4201,1
SHARELL,4202,2
SEEMA,4203,3
RUSSELL,4204,4
ROSENDA,4205,5
ROBENA,4206,6
RAYMONDE,4207,7
PEI,4208,8
PAMILA,4209,9
OZELL,4210,10
NEIDA,4211,11
NEELY,4212,12
MISTIE,4213,13
MICHA,4214,14
MERISSA,4215,15
MAURITA,4216,16
MARYLN,4217,17
MARYETTA,4218,18
MARSHALL,4219,19
MARCELL,4220,20
MALENA,4221,21
MAKEDA,4222,22
MADDIE,4223,23
LOVETTA,4224,24
LOURIE,4225,25
LORRINE,4226,26
LORILEE,4227,27
LESTER,4228,28
LAURENA,4229,29
LASHAY,4230,30
LARRAINE,4231,31
LAREE,4232,32
LACRESHA,4233,33
KRISTLE,4234,34
KRISHNA,4235,35
KEVA,4236,36
KEIRA,4237,37
KAROLE,4238,38
JOIE,4239,39
JINNY,4240,0
JEANNETTA,4241,1
JAMA,4242,2
HEIDY,4243,3
GILBERTE,4244,4
GEMA,4245,5
FAVIOLA,4246,6
EVELYNN,4247,7
ENDA,4248,8
ELLI,4249,9
ELLENA,4250,10
DIVINA,4251,11
DAGNY,4252,12
COLLENE,4253,13
CODI,4254,14
CINDIE,4255,15
CHASSIDY,4256,16
CHASIDY,4257,17
CATRICE,4258,18
CATHERINA,4259,19
CASSEY,4260,20
CAROLL,4261,21
CARLENA,4262,22
CANDRA,4263,23
CALISTA,4264,24
BRYANNA,4265,25
BRITTENY,4266,26
BEULA,4267,27
BARI,4268,28
AUDRIE,4269,29
AUDRIA,4270,30
ARDELIA,4271,31
ANNELLE,4272,32
ANGILA,4273,33
ALONA,4274,34
ALLYN,4275,35
